"Molecule ChEMBL ID","Smiles","pIC50"
"CHEMBL231448","OCCN1CCN(CC1)C(=O)OC[C@H]2CC[C@H](N2S(=O)(=O)c3ccc(Cl)cc3)c4ccccc4","6.26760624"
"CHEMBL231351","Clc1ccc(cc1)S(=O)(=O)N2[C@@H](COC(=O)NCCCn3ccnc3)CC[C@H]2c4ccccc4","6.187086643"
"CHEMBL231035","Clc1ccc(cc1)S(=O)(=O)N2C(CCOC(=O)N3CCN(CC3)C4CCCCC4)CCc5ccccc25","6"
"CHEMBL231447","CN1CCCC1CCNC(=O)OCCCC2CCc3ccccc3N2S(=O)(=O)c4ccc(Cl)cc4","6.657577319"
"CHEMBL74874","CC1(C)[C@H]2CCC(C)(C2)[C@H]1NS(=O)(=O)c3ccc(Cl)cc3","4.958607315"
"CHEMBL1084945","COc1ccc2cc(oc2c1)c3ccc(nc3)C(=O)N","7.22184875"
"CHEMBL274414","CCC[C@@H]([C@@H](CC(C)C)C(=O)N[C@H]1CCCCN(Cc2cccc(Nc3ccc(OC)cc3)c2)C1=O)C(=O)N","6.795880017"
"CHEMBL205970","CCC[C@@H]([C@@H](CC(C)C)C(=O)N[C@H]1CCCCN(Cc2cccc(Nc3ccc4OCOc4c3)c2)C1=O)C(=O)N","6.818156412"
"CHEMBL208350","CCC[C@@H]([C@@H](CC(C)C)C(=O)N[C@H]1CCCCN(Cc2cccc(Nc3cccc(C)c3)c2)C1=O)C(=O)N","7.769551079"
"CHEMBL196946","OC(=O)C1(CC1)c2ccc(c(F)c2)c3csc4ccccc34","4.016373713"
"CHEMBL196070","CC(c1ccc(c(F)c1)c2ccc(cc2)C(F)(F)F)c3nnn[nH]3","3.943095149"
"CHEMBL1458517","CC1=Nc2sc3CCCCc3c2C(=O)O1","5.920818754"
"CHEMBL2179242","[O-][N+](=O)c1cc(Cl)ccc1NC(=O)Nc2ccccc2","6.045757491"
"CHEMBL3659993","CC(=O)CC[C@@H]1OCC[C@@]2([C@H]1COc3c(F)ccc(F)c23)S(=O)(=O)c4ccc(Cl)cc4","8.15490196"
"CHEMBL394713","COc1ccc(\C=C\c2cccc(\C=C\c3ccc(OC)c(c3)N(C)C)n2)cc1N(C)C","6.045757491"
"CHEMBL248131","CN(C)c1ccc(\C=C\c2cccc(\C=C\c3ccc(N(C)C)c(O)c3)c2)cc1O","6.15490196"
"CHEMBL398395","O[C@@H]1CCN(C1)C(=O)OC2(CC2)[C@H]3CCC[C@@H](C4CC4)N3S(=O)(=O)c5ccc(Cl)cc5","7.337242168"
"CHEMBL239858","CCC[C@@H]1CCC[C@@H](N1S(=O)(=O)c2ccc(Cl)cc2)C3(CC3)OC(=O)N4CCC(CC4)N5CCCCC5","8.602059991"
"CHEMBL245478","CN(C)c1ccc(\C=C\c2cc(Br)cc(\C=C\c3ccc(cc3)N(C)C)c2)cc1","4.698970004"
"CHEMBL392144","CC[C@@H]1CCC[C@@H](N1S(=O)(=O)c2ccc(Cl)cc2)C3(CC3)OC(=O)N4CCC(O)(CC)CC4","8.494850022"
"CHEMBL248337","COc1ccc(\C=C\c2cccc(\C=C\c3ccc(OC)c(c3)N(C)C)c2)cc1N(C)C","5.958607315"
"CHEMBL248132","COc1ccc(\C=C\c2cccc(\C=C\c3ccc(OC)c(N)c3)c2)cc1N","6.522878745"
"CHEMBL247524","COc1cc(\C=C\c2cccc(\C=C\c3ccc(N)c(OC)c3)n2)ccc1N","6.15490196"
"CHEMBL236185","CC[C@@H]1CCC[C@@H](N1S(=O)(=O)c2ccc(F)cc2)C3(CC3)OC(=O)N4CCN(CC4)C(C)(C)CO","7.602059991"
"CHEMBL236183","CC[C@@H]1CCC[C@@H](N1S(=O)(=O)c2ccc(Cl)cc2)C3(CC3)OC(=O)N4CCN(CCCO)CC4","7.823908741"
"CHEMBL396542","CN1CCN(CC1)C(=O)OC[C@H]2CC[C@H](N2S(=O)(=O)c3ccc(Cl)cc3)c4ccccc4","6.346787486"
"CHEMBL231548","Clc1ccc(cc1)S(=O)(=O)N2[C@@H](COC(=O)N3CCC(CC3)N4CCCCC4)CC[C@H]2c5ccccc5","6.744727495"
"CHEMBL372751","CC1(C)CCC(CC1)c2ccc(cc2)c3ccc(cc3F)C4(CC4)C(=O)O","4.337242168"
"CHEMBL3330746","CC(C)(C)n1c2cc(sc2c3sc(cc13)c4ccc(C=O)s4)c5ccc(cc5)N(c6ccccc6)c7ccccc7","5"
"CHEMBL3330751","COc1ccc(cc1)c2cc3c(s2)c4sc(cc4n3C(C)(C)C)c5ccc(C=O)s5","6.420216403"
"CHEMBL311039","CC1(C)C2CCC(C)(C2)C1NS(=O)(=O)c3ccc(F)cc3","5.301029996"
"CHEMBL2381384","COc1ccc2C=C(C(=O)CN3CCN(CC3)c4ncccn4)C(=O)Oc2c1","5.397940009"
"CHEMBL2408100","COc1ccc(C(=O)\C=C\c2ccc(cc2)C(=O)N3CCCCC3)c(O)c1","5.229147988"
"CHEMBL240284","O[C@@H]1CCN(C1)C(=O)OC2(CC2)[C@H]3CCC[C@H](N3S(=O)(=O)c4ccc(Cl)cc4)c5cc(F)cc(F)c5","7.769551079"
"CHEMBL442801","FC(F)(F)C[C@@H]1CCC[C@@H](N1S(=O)(=O)c2ccc(Cl)cc2)C3(CC3)OC(=O)N4CCC(CC4)N5CCCCC5","8.455931956"
"CHEMBL1084946","COc1ccc2cc(oc2c1)c3ccc(cn3)C(=O)N","7.48148606"
"CHEMBL1788121","[3H]N(c1ccc(cn1)c2nc3ccc(O)cc3s2)C([3H])([3H])[3H]","7.236572006"
"CHEMBL196321","COc1ccc(cc1)c2ccc(cc2F)C(C)C(=O)O","4.173925197"
"CHEMBL1788111","[3H]N(c1ccc(cc1)c2nc3ccc(O)cc3s2)C([3H])([3H])[3H]","7.568636236"
"CHEMBL1088617","CN(C)c1ncc(cn1)c2nc3ccc(O)cc3s2","7.387216143"
"CHEMBL208504","CCC[C@@H]([C@@H](CC(C)C)C(=O)N[C@H]1CCCCN(Cc2cccc(Nc3ccc(F)c(Cl)c3)c2)C1=O)C(=O)N","7.769551079"
"CHEMBL205907","CCC[C@@H]([C@@H](CC(C)C)C(=O)N[C@H]1CCCCN(Cc2cccc(Nc3ccccc3)c2)C1=O)C(=O)N","7.823908741"
"CHEMBL199946","CCCN(CCC)C(=O)c1cccc(c1)C(=O)N[C@@H](Cc2ccccc2)[C@@H](N)C[C@@H](C)C(=O)N[C@@H](C(C)C)C(=O)NCc3ccccc3","8.283996656"
"CHEMBL248122","CNc1cc(\C=C\c2cccc(\C=C\c3ccc(OC)c(NC)c3)n2)ccc1OC","5.958607315"
"CHEMBL247727","COc1cc(\C=C\c2cc(C)cc(\C=C\c3ccc(O)c(OC)c3)n2)ccc1O","5.853871964"
"CHEMBL247530","COc1cc(\C=C\c2cc(Cl)cc(\C=C\c3ccc(O)c(OC)c3)n2)ccc1O","5.958607315"
"CHEMBL247929","COc1cc(\C=C\c2cc(Br)cc(\C=C\c3ccc(N)c(OC)c3)n2)ccc1N","5.958607315"
"CHEMBL200077","CCCN(CCC)C(=O)c1cccc(c1)C(=O)N[C@@H](Cc2ccccc2)[C@@H](N)C[C@@H](C)C(=O)Nc3ccc(F)cc3","6.744727495"
"CHEMBL247931","CNc1ccc(\C=C\c2cccc(\C=C\c3ccc(NC)c(OC)c3)c2)cc1OC","6.22184875"
"CHEMBL391205","COc1cc(\C=C\c2cccc(\C=C\c3ccc(N(C)C)c(OC)c3)n2)ccc1N(C)C","6.096910013"
"CHEMBL247674","CNc1ccc(\C=C\c2cccc(\C=C\c3ccc(NC)c(OC)c3)n2)cc1OC","6.301029996"
"CHEMBL195970","CC(C(=O)O)c1ccc(c(F)c1)c2cc(Cl)cc(Cl)c2","4.026872146"
"CHEMBL427548","OC(=O)C1(CC1)c2ccc(c(F)c2)c3ccc(c(F)c3)c4ccc(F)cc4","4.237321436"
"CHEMBL231449","Clc1ccc(cc1)S(=O)(=O)N2[C@@H](COC(=O)N3CCN(CC3)C4CCCCC4)CC[C@H]2c5ccccc5","6.920818754"
"CHEMBL390889","Clc1ccc(cc1)S(=O)(=O)N2C(CCCOC(=O)NC3CCN(Cc4ccccc4)CC3)CCc5ccccc25","6.721246399"
"CHEMBL231647","Clc1ccc(cc1)S(=O)(=O)N2C(CCOC(=O)NC3CCN(Cc4ccccc4)CC3)CCc5ccccc25","6.045757491"
"CHEMBL425304","OCCN1CCN(CC1)C(=O)OCCC2CCc3ccccc3N2S(=O)(=O)c4ccc(Cl)cc4","6.055517328"
"CHEMBL231545","Clc1ccc(cc1)S(=O)(=O)N2C(CCCOC(=O)N3CCN(CC3)C4CCCCC4)CCc5ccccc25","6.744727495"
"CHEMBL196246","OC(=O)C1(CC1)c2ccc(c(F)c2)c3ccc(cc3)C(F)(F)F","4.657577319"
"CHEMBL236195","Clc1ccc(cc1)S(=O)(=O)N2C3CCCC2[C@@H](CC3)OC(=O)N4CCC(CC4)N5CCCCC5","5.615288257"
"CHEMBL310242","CC1(C)[C@H]2CCC(C)(C2)[C@H]1NS(=O)(=O)c3ccc(F)cc3","5.744727495"
"CHEMBL248327","CNc1cc(\C=C\c2cccc(\C=C\c3ccc(O)c(NC)c3)n2)ccc1O","6.301029996"
"CHEMBL3298066","Oc1ccc(\C=C\2/Oc3c(O)c(O)ccc3C2=O)cc1O","5.568636236"
"CHEMBL3297746","COC1=C(Oc2c(O)c(O)ccc2C1=O)c3ccc(O)c(O)c3","5.26760624"
"CHEMBL492024","COc1ccc2oc(\C=C\c3ccc(N)cc3)cc2c1","6.086186148"
"CHEMBL489994","CNc1ccc(\C=C\c2oc3cc(OC)ccc3c2)cc1","6.096910013"
"CHEMBL1082546","CNc1ccc(cn1)c2nc3cc(O)ccc3s2","7.13076828"
"CHEMBL1084944","CNc1ccc(cn1)c2oc3cc(OC)ccc3c2","7.180456064"
"CHEMBL236190","CC[C@@H]1CCC[C@@H](N1S(=O)(=O)c2ccc(F)c(F)c2)C3(CC3)OC(=O)N4CCC(CC4)N5CCCCC5","8.161150909"
"CHEMBL236189","CC[C@@H]1CCC[C@@H](N1S(=O)(=O)c2ccc(F)c(F)c2)C3(CC3)OC(=O)N4CC5CCC(C4)N5CCO","7.568636236"
"CHEMBL429449","CC(C)(CO)N1CCN(CC1)C(=O)O[C@H]2CCC3CCCC2N3S(=O)(=O)c4ccc(Cl)cc4","7.244125144"
"CHEMBL492216","CN(C)c1ccc(\C=C\c2oc3ccccc3c2)cc1","5.638272164"
"CHEMBL491203","CN(C)c1ccc(\C=C\c2oc3ccc(O)cc3c2)cc1","6.795880017"
"CHEMBL509088","CN(C)c1ccc(\C=C\c2oc3ccc(C)cc3c2)cc1","6.886056648"
"CHEMBL2408096","COC(=O)c1ccc(\C=C\C(=O)c2ccc(OC)cc2O)cc1","4.623423043"
"CHEMBL2408093","COc1ccc(C(=O)\C=C\c2ccc(OCc3ccccc3)cc2)c(O)c1","5.107905397"
"CHEMBL3330741","O=C1NC(=O)C(=Cc2ccc(s2)c3ccc(s3)c4ccc(cc4)N(c5ccccc5)c6ccccc6)C(=O)N1","5"
"CHEMBL3330744","N#CC(=Cc1ccc(s1)c2ccc(c3ccc(cc3)N(c4ccccc4)c5ccccc5)c6nsnc26)C#N","5"
"CHEMBL200116","CCCN(CCC)C(=O)c1cccc(c1)C(=O)N[C@@H](CC(C)C)[C@@H](O)C[C@@H](C)C(=O)N[C@@H](C(C)C)C(=O)NCc2ccccc2","5.173925197"
"CHEMBL200014","CCCN(CCC)C(=O)c1cccc(c1)C(=O)N[C@@H](CC(C)C)[C@H](N)C[C@@H](C)C(=O)N[C@@H](C(C)C)C(=O)NCc2ccccc2","5.004364805"
"CHEMBL202507","CCCN(CCC)C(=O)c1cccc(c1)C(=O)N[C@@H](CC(C)C)[C@@H](N)C[C@@H](C)C(=O)N[C@@H](C(C)C)C(=O)NCc2ccccc2","6.13076828"
"CHEMBL3326709","FC(F)(F)Oc1ccc2OC(=O)C(=Cc2c1)C(=O)NCCCCCCNc3c4CCCCc4nc5ccccc35","4.616184634"
"CHEMBL450926","CC12CC[C@@H](C1)C(C)(C)[C@@H]2NS(=O)(=O)c3cccs3","5.568636236"
"CHEMBL2436700","O=C1C=C(Oc2cc(OCCCCN3CCN(CCCNc4c5CCCCc5nc6ccccc46)CC3)ccc12)c7ccccc7","4.761953897"
"CHEMBL3286988","COc1cc(\C=C\2/Sc3nc(cn3C2=O)c4cccc(Cl)c4)cc(OC)c1O","8.22184875"
"CHEMBL436483","OC(=O)C1(CC1)c2ccc(c(F)c2)c3ccc(OC4CCC(CC4)C(F)(F)F)cc3","4.752026734"
"CHEMBL196246","OC(=O)C1(CC1)c2ccc(c(F)c2)c3ccc(cc3)C(F)(F)F","3.954677021"
"CHEMBL264006","CC(C(=O)O)c1ccc(c(F)c1)c2ccc(cc2)C3CCCCC3","4.337242168"
"CHEMBL240286","CC[C@@H]1CCC[C@@H](N1S(=O)(=O)c2ccc(Cl)cc2)C3(CC3)OC(=O)N4CC[C@@H](O)C4","7.251811973"
"CHEMBL240285","CCC[C@@H]1CCC[C@@H](N1S(=O)(=O)c2ccc(Cl)cc2)C3(CC3)OC(=O)N4CC[C@@H](O)C4","7.327902142"
"CHEMBL240071","OCCN1CCN(CC1)C(=O)OC2(CC2)[C@H]3CCC[C@@H](CC(F)(F)F)N3S(=O)(=O)c4ccc(Cl)cc4","7.853871964"
"CHEMBL392060","CC[C@@H]1CCC[C@@H](N1S(=O)(=O)c2ccc(Cl)cc2)C3(CC3)OC(=O)N4CC5CCC(C4)N5CCO","8.113509275"
"CHEMBL392059","CC[C@@H]1CCC[C@@H](N1S(=O)(=O)c2ccc(Cl)cc2)C3(CC3)OC(=O)N4CCN(CCO)C[C@@H]4C","7.853871964"
"CHEMBL238271","CCCC1(O)CCN(C1)C(=O)OC2(CC2)[C@H]3CCC[C@@H](CC)N3S(=O)(=O)c4ccc(Cl)cc4","6.721246399"
"CHEMBL240069","OCCN1CCN(CC1)C(=O)OC2(CC2)[C@H]3CCC[C@@H](C4CC4)N3S(=O)(=O)c5ccc(Cl)cc5","7.568636236"
"CHEMBL239629","OCCN1CCN(CC1)C(=O)OC2(CC2)[C@H]3CCC[C@H](N3S(=O)(=O)c4ccc(Cl)cc4)c5cc(F)cc(F)c5","8.619788758"
"CHEMBL236188","CC[C@@H]1CCC[C@@H](N1S(=O)(=O)c2ccc(F)c(F)c2)C3(CC3)OC(=O)N4CCN(CC4)C(C)(C)CO","8.017728767"
"CHEMBL236187","CC[C@@H]1CCC[C@@H](N1S(=O)(=O)c2ccc(F)cc2)C3(CC3)OC(=O)N4CCC(CC4)N5CCCCC5","7.795880017"
"CHEMBL248338","CN(C)c1cc(\C=C\c2cccc(\C=C\c3ccc(O)c(c3)N(C)C)c2)ccc1O","5.568636236"
"CHEMBL427878","COc1cc(\C=C\c2cc(Br)cc(\C=C\c3ccc(O)c(OC)c3)n2)ccc1O","5.958607315"
"CHEMBL524141","COc1ccc2cc(oc2c1)\C=C\c3ccc(cc3)N(C)C","7.15490196"
"CHEMBL491406","CN(C)c1ccc(\C=C\c2oc3cc(C)ccc3c2)cc1","5.463441557"
"CHEMBL490808","Cl.CNc1ccc(\C=C\c2oc3ccc(O)cc3c2)cc1","5.665546249"
"CHEMBL231446","CN1CCCC1CCNC(=O)OCCC2CCc3ccccc3N2S(=O)(=O)c4ccc(Cl)cc4","6.27572413"
"CHEMBL450553","CCN(CCCCCCN1C(=O)c2ccc3C(=O)N(CCCCCCN(CC)Cc4ccccc4OC)C(=O)c5ccc(C1=O)c2c35)Cc6ccccc6OC","5.013676223"
"CHEMBL248133","CNc1cc(\C=C\c2cccc(\C=C\c3ccc(OC)c(NC)c3)c2)ccc1OC","5.886056648"
"CHEMBL236187","CC[C@@H]1CCC[C@@H](N1S(=O)(=O)c2ccc(F)cc2)C3(CC3)OC(=O)N4CCC(CC4)N5CCCCC5","6.93930216"
"CHEMBL240070","CC[C@@H]1CCC[C@@H](N1S(=O)(=O)c2ccc(Cl)cc2)C3(CC3)OC(=O)N4CCN(CCO)CC4","7.920818754"
"CHEMBL239859","CC[C@@H]1CCC[C@@H](N1S(=O)(=O)c2ccc(Cl)cc2)C3(CC3)OC(=O)N4CCC(CC4)N5CCCCC5","8.455931956"
"CHEMBL236185","CC[C@@H]1CCC[C@@H](N1S(=O)(=O)c2ccc(F)cc2)C3(CC3)OC(=O)N4CCN(CC4)C(C)(C)CO","8"
"CHEMBL236184","CC[C@@H]1CCC[C@@H](N1S(=O)(=O)c2ccc(Cl)cc2)C3(CC3)OC(=O)N4CCN(CC4)C(C)(C)CO","8.161150909"
"CHEMBL392059","CC[C@@H]1CCC[C@@H](N1S(=O)(=O)c2ccc(Cl)cc2)C3(CC3)OC(=O)N4CCN(CCO)C[C@@H]4C","7.920818754"
"CHEMBL394132","CC[C@@H]1CCC[C@@H](N1S(=O)(=O)c2ccc(Cl)cc2)C3(CC3)OC(=O)N4CCC(CCO)(CC4)OC","8.045757491"
"CHEMBL3813788","COc1ccc(CNc2nc(N)nc3ccccc23)cc1","5.958607315"
"CHEMBL3582127","C[C@]1(O)c2ccc3C(=O)CCc3c2C(=O)c4occ(CCCO)c14","4.552841969"
"CHEMBL3582129","C[C@@]1(O)c2ccc3C(=O)CCc3c2C(=O)c4occ([C@@H](O)CCO)c14","4.14327111"
"CHEMBL2381401","COc1ccc2C=C(C(=O)CN3CCN(Cc4ccccc4)CC3)C(=O)Oc2c1","4.443697499"
"CHEMBL2408091","COc1ccc(C(=O)\C=C\c2ccc(OCCCOc3ccccc3)c(OC)c2)c(O)c1","4.962573502"
"CHEMBL197140","CC1(C)CC(CC(C)(C)C1)Oc2ccc(cc2)c3ccc(cc3F)C4(CC4)C(=O)O","4.958607315"
"CHEMBL2146607","O[C@@H]1C[C@](C[C@@H](OC(=O)\C=C\c2ccc(O)c(O)c2)[C@H]1OC(=O)\C=C\c3ccc(O)c(O)c3)(OC(=O)\C=C\c4ccc(O)c(O)c4)C(=O)O","5.657577319"
"CHEMBL3286983","COc1cc(\C=C\2/Sc3nc(cn3C2=O)c4ccc(Cl)cc4)cc(Cl)c1O","7.494850022"
"CHEMBL3330738","N#CC(=Cc1ccc(s1)c2ccc(s2)c3ccc(cc3)N(c4ccccc4)c5ccccc5)C#N","5"
"CHEMBL3286990","COc1cc(\C=C\2/Sc3nc(cn3C2=O)c4cccc(OC(F)(F)F)c4)cc(F)c1O","5"
"CHEMBL3087680","C[C@H](C(=O)NCCCNCCCNC1=CC(=O)C(=CC1=O)NCCCNCCCNC(=O)[C@@H](C)c2ccc(c(F)c2)c3ccccc3)c4ccc(c(F)c4)c5ccccc5","5.353596274"
"CHEMBL490798","CN(C)c1ccc(\C=C\c2oc3cc(Cl)ccc3c2)cc1","5.493494968"
"CHEMBL490799","CN(C)c1ccc(\C=C\c2oc3cc(Br)ccc3c2)cc1","5.872895202"
"CHEMBL490806","COc1ccc2cc(oc2c1)\C=C\c3ccc(N)cc3","5.2644011"
"CHEMBL489978","CN(C)c1ccc(\C=C\c2oc3ccc(F)cc3c2)cc1","5.70333481"
"CHEMBL249448","O[C@@H]1C[C@](O)(C[C@@H](OC(=O)\C=C\c2ccc(O)c(O)c2)[C@@H]1OC(=O)\C=C\c3ccc(O)c(O)c3)C(=O)O","5.327902142"
"CHEMBL443097","CN(C)c1ccc(\C=C\c2oc3cc(O)ccc3c2)cc1","5.441291429"
"CHEMBL489979","CN(C)c1ccc(\C=C\c2oc3ccc(Br)cc3c2)cc1","6.327902142"
"CHEMBL524114","CN(C)c1ccc(\C=C\c2oc3ccc(I)cc3c2)cc1","6.769551079"
"CHEMBL523824","CNc1ccc(\C=C\c2oc3ccc(OC)cc3c2)cc1","7.096910013"
"CHEMBL392878","COc1ccc(\C=C\c2cccc(\C=C\c3ccc(OC)c(N)c3)n2)cc1N","6.22184875"
"CHEMBL245479","CN(C)c1ccc(\C=C\c2cc(I)cc(\C=C\c3ccc(cc3)N(C)C)c2)cc1","4.698970004"
"CHEMBL492217","COc1ccc2oc(\C=C\c3ccc(cc3)N(C)C)cc2c1","6.091514981"
"CHEMBL424684","CCC[C@@H]([C@@H](CC(C)C)C(=O)N[C@H]1CCCCN(Cc2cccc(Nc3ccc(cc3)C(F)(F)F)c2)C1=O)C(=O)N","7.522878745"
"CHEMBL410532","CCC[C@@H]([C@@H](CC(C)C)C(=O)N[C@H]1CCCCN(Cc2cccc(Nc3cccc(OC)c3)c2)C1=O)C(=O)N","7.26760624"
"CHEMBL4112651","CO[C@@H]1CC[C@@]2(CC1)Cc3ccc(cc3[C@]24N=C(C)C(=N4)N)C#CC5CCC5","8.698970004"
"CHEMBL196279","CC(C(=O)O)c1ccc(c(F)c1)c2ccc(Cl)c(Cl)c2","4.124938737"
"CHEMBL194692","CC(C)(C(=O)O)c1ccc(c(F)c1)c2ccc(cc2)C(F)(F)F","4.151195299"
"CHEMBL1744459","[3H]N(c1ccc(cn1)c2nc3ccc(OC)cc3s2)C([3H])([3H])[3H]","7.236572006"
"CHEMBL193900","CC(C(=O)N)c1ccc(c(F)c1)c2cc(Cl)cc(Cl)c2","4.920818754"
"CHEMBL197202","CC(C(=O)O)c1ccc(c(F)c1)c2ccc(cc2)c3ccc(O)cc3","4.455931956"
"CHEMBL193971","CC(C(=O)O)c1ccc(c(F)c1)c2ccc(cc2)C(F)(F)F","3.88941029"
"CHEMBL194274","CC(C(=O)O)c1ccc(c(F)c1)c2csc3ccccc23","4.080921908"
"CHEMBL245477","CN(C)c1ccc(\C=C\c2cccc(\C=C\c3ccc(cc3)N(C)C)c2)cc1","4.698970004"
"CHEMBL247930","COc1cc(\C=C\c2cccc(\C=C\c3ccc(N)c(OC)c3)c2)ccc1N","6.22184875"
"CHEMBL206766","CCC[C@@H]([C@@H](CC(C)C)C(=O)N[C@H]1CCCCN(Cc2ccccc2)C1=O)C(=O)NO","5.167491087"
"CHEMBL382880","CCC[C@@H]([C@@H](CC(C)C)C(=O)N[C@H]1CCCCN(Cc2cccc(Nc3ccccc3Cl)c2)C1=O)C(=O)N","7.537602002"
"CHEMBL231250","Clc1ccc(cc1)S(=O)(=O)N2C(COC(=O)N3CCC(CC3)N4CCCCC4)CCc5ccccc25","7.13667714"
"CHEMBL230931","OCCN1CCN(CC1)C(=O)OCCCC2CCc3ccccc3N2S(=O)(=O)c4ccc(Cl)cc4","6.167491087"
"CHEMBL2408092","CCOCCOc1cccc(\C=C\C(=O)c2ccc(OC)cc2O)c1","4.978810701"
"CHEMBL236192","OCCCN1CCN(CC1)C(=O)OC2(CC2)[C@H]3CCC[C@@H](C4CC4)N3S(=O)(=O)c5ccc(Cl)cc5","7.494850022"
"CHEMBL236190","CC[C@@H]1CCC[C@@H](N1S(=O)(=O)c2ccc(F)c(F)c2)C3(CC3)OC(=O)N4CCC(CC4)N5CCCCC5","7.346787486"
"CHEMBL2408097","COc1ccc(C(=O)\C=C\c2ccc(cc2)C(=O)O)c(O)c1","4.732828272"
"CHEMBL2436701","O=C1C=C(Oc2cc(OCCCCCN3CCN(CCCNc4c5CCCCc5nc6ccccc46)CC3)ccc12)c7ccccc7","4.879426069"
"CHEMBL2436702","O=C1C=C(Oc2cc(OCCCCCCN3CCN(CCCNc4c5CCCCc5nc6ccccc46)CC3)ccc12)c7ccccc7","4.869666232"
"CHEMBL3087676","Clc1cccc(Cl)c1Nc2ccccc2CC(=O)NCCCNCCCNC3=CC(=O)C(=CC3=O)NCCCNCCCNC(=O)Cc4ccccc4Nc5c(Cl)cccc5Cl","5.501689446"
"CHEMBL2436694","O=C1C=C(Oc2cc(OCCCN3CCN(CCNc4c5CCCCc5nc6ccccc46)CC3)ccc12)c7ccccc7","4.863279433"
"CHEMBL416955","COC(=O)[C@]1(O)C[C@@H](O)[C@@H](O)[C@@H](C1)OC(=O)\C=C\c2ccc(O)c(O)c2","4"
"CHEMBL205400","CCC[C@@H]([C@@H](CC(C)C)C(=O)N[C@H]1CCCCN(Cc2cccc(Oc3ccccc3)c2)C1=O)C(=O)NCc4occc4","5.522878745"
"CHEMBL208230","CCC[C@@H]([C@@H](CC(C)C)C(=O)N[C@H]1CCCCN(Cc2cccc(NN3CCCCC3)c2)C1=O)C(=O)N","7.13076828"
"CHEMBL231248","Clc1ccc(cc1)S(=O)(=O)N2C(CCCOC(=O)N3CCC(CC3)N4CCCCC4)CCc5ccccc25","7.22184875"
"CHEMBL247728","COc1cc(\C=C\c2cc(cc(\C=C\c3ccc(O)c(OC)c3)n2)N(C)C)ccc1O","5.721246399"
"CHEMBL3286982","COc1cc(\C=C\2/Sc3nc(cn3C2=O)c4ccc(Cl)cc4)cc(OC)c1O","8.15490196"
"CHEMBL240055","Fc1cc(F)cc(c1)[C@@H]2CCC[C@@H](N2S(=O)(=O)c3ccc(Cl)cc3)C4(CC4)OC(=O)N5CCC(CC5)N6CCCCC6","9.522878745"
"CHEMBL393941","CC(C)(CO)N1CCN(CC1)C(=O)OC2(CC2)[C@H]3CCC[C@@H](C4CC4)N3S(=O)(=O)c5ccc(Cl)cc5","7.920818754"
"CHEMBL392060","CC[C@@H]1CCC[C@@H](N1S(=O)(=O)c2ccc(Cl)cc2)C3(CC3)OC(=O)N4CC5CCC(C4)N5CCO","8.455931956"
"CHEMBL196947","OC(=O)C1(CC1)c2ccc(c(F)c2)c3ccc(cc3)c4ccc(O)cc4","4.500312917"
"CHEMBL372846","OC(=O)C1(CC1)c2ccc(c(F)c2)c3ccc(c(F)c3)c4ccc(O)cc4","4.473660723"
"CHEMBL372846","OC(=O)C1(CC1)c2ccc(c(F)c2)c3ccc(c(F)c3)c4ccc(O)cc4","3.954677021"
"CHEMBL427877","CN(C)c1cc(\C=C\c2cccc(\C=C\c3ccc(O)c(c3)N(C)C)n2)ccc1O","5.638272164"
"CHEMBL400420","Clc1ccc(cc1)S(=O)(=O)N2[C@@H](CCC[C@@H]2C3(CC3)OC(=O)N4CCC(CC4)N5CCCCC5)C6CC6","8.552841969"
"CHEMBL236186","CC[C@@H]1CCC[C@@H](N1S(=O)(=O)c2ccc(F)cc2)C3(CC3)OC(=O)N4CC5CCC(C4)N5CCO","7.602059991"
"CHEMBL238271","CCCC1(O)CCN(C1)C(=O)OC2(CC2)[C@H]3CCC[C@@H](CC)N3S(=O)(=O)c4ccc(Cl)cc4","7.552841969"
"CHEMBL196947","OC(=O)C1(CC1)c2ccc(c(F)c2)c3ccc(cc3)c4ccc(O)cc4","3.388276692"
"CHEMBL245688","COc1cc(\C=C\c2cc(Br)cc(\C=C\c3ccc(O)c(OC)c3)c2)ccc1O","7"
"CHEMBL245476","COc1ccc(\C=C\c2cc(Br)cc(\C=C\c3ccc(OC)c(OC)c3)c2)cc1OC","4.698970004"
"CHEMBL396917","COc1cc(\C=C\c2cc(Br)cc(\C=C\c3ccc(N)c(OC)c3)c2)ccc1N","5.744727495"
"CHEMBL247328","COc1cc(\C=C\c2cccc(\C=C\c3ccc(O)c(OC)c3)n2)ccc1O","6.096910013"
"CHEMBL247927","CN(C)c1ccc(\C=C\c2cccc(\C=C\c3ccc(N(C)C)c(O)c3)n2)cc1O","6.045757491"
"CHEMBL3741529","C[C@@H]1C[C@@]23C[C@H]4C(C)(C)[C@@]5(C[C@]4(CN2C1=O)N(C)C3=O)C(=O)Nc6cc7OC=CC(C)(C)Oc7cc56","3.522878745"
"CHEMBL3330739","O=Cc1ccc(s1)c2ccc(s2)c3ccc(cc3)N(c4ccccc4)c5ccccc5","5.148741651"
"CHEMBL3330742","CN1C(=O)N(C)C(=O)C(=Cc2ccc(s2)c3ccc(s3)c4ccc(cc4)N(c5ccccc5)c6ccccc6)C1=O","5"
"CHEMBL3330749","COc1ccc(cc1)c2ccc(s2)c3ccc(C=O)s3","5"
"CHEMBL3330735","[Cl-].CN(C)c1ccc2nc3ccc(N)cc3[s+]c2c1","5.522878745"
"CHEMBL247726","COc1cc(\C=C\c2ccc(O)c(OC)c2)nc(\C=C\c3ccc(O)c(OC)c3)c1","5.769551079"
"CHEMBL247725","CNc1ccc(\C=C\c2cccc(\C=C\c3ccc(NC)c(O)c3)n2)cc1O","6.045757491"
"CHEMBL429448","CC[C@@H]1CCC[C@@H](N1S(=O)(=O)c2cc(F)cc(F)c2)C3(CC3)OC(=O)N4CCC(CC4)N5CCCCC5","6.841637508"
"CHEMBL231547","Clc1ccc(cc1)S(=O)(=O)N2[C@@H](COC(=O)NC3CCN(Cc4ccccc4)CC3)CC[C@H]2c5ccccc5","6.853871964"
"CHEMBL231544","Clc1ccc(cc1)S(=O)(=O)N2C(CCCOC(=O)NCCCn3ccnc3)CCc4ccccc24","7.065501549"
"CHEMBL75183","CC1(C)[C@H]2CCC(C)(C2)[C@H]1NS(=O)(=O)c3ccc(Br)cc3","5"
"CHEMBL1077208","CNc1ccc2nc(sc2c1)c3ccc(nc3)C(=O)N","7.455931956"
"CHEMBL2402159","Oc1cc(O)cc(\C=C\c2ccc(NCc3cc(ccc3O)[N+](=O)[O-])cc2)c1","5.151195299"
"CHEMBL2402158","Oc1cc(O)cc(\C=C\c2ccc(NCc3cccc(O)c3O)cc2)c1","5.104025268"
"CHEMBL2408106","COc1ccc(C(=O)\C=C\c2ccc(cc2)C(=O)NCc3ccccc3)c(O)c1","4.723538196"
"CHEMBL2408105","COc1ccc(C(=O)\C=C\c2ccc(cc2)C(=O)NCCc3ccccc3)c(O)c1","4.718966633"
"CHEMBL2408103","CCCNC(=O)c1ccc(\C=C\C(=O)c2ccc(OC)cc2O)cc1","4.701146924"
"CHEMBL2408099","COc1ccc(C(=O)\C=C\c2ccc(cc2)C(=O)N3CCN(C)CC3)c(O)c1","5.657577319"
"CHEMBL2402157","Oc1cc(O)cc(\C=C\c2ccc(NCc3ccccc3O)cc2)c1","4.990549104"
"CHEMBL3582133","C[C@@]12CC[C@H](O)c3coc(C(=O)C4=C1C[C@@H](O)[C@@]5(C)[C@H]4CCC5=O)c23","4.361510743"
"CHEMBL2408261","COc1ccc(C(=O)\C=C\c2ccc(cc2)C(=O)N(C)c3ccccc3)c(O)c1","4.696803943"
"CHEMBL3915935","CO[C@@H]1CC[C@@]2(CC1)Cc3ccc(OCC4(C)CC4)cc3C25N=C(C)C(=N5)N","8.552841969"
"CHEMBL3905816","CO[C@@H]1CC[C@@]2(CC1)Cc3ccc(OCC4CC4(F)F)cc3C25N=C(C)C(=N5)N","8.638272164"
"CHEMBL4108431","COCC[C@@]1(N=C(N)OCC1(F)F)c2nc(NC(=O)c3ncc(cc3Cl)C(F)(F)F)ccc2F","6.420216403"
"CHEMBL4110143","COCC#Cc1cnc(C(=O)Nc2ccc(F)c(n2)[C@@]3(C)N=C(N)OCC3(F)F)c(N)c1","6.26760624"
"CHEMBL1087548","CNc1ccc(cn1)c2nc3ccc(cc3s2)C(=O)N","7.070581074"
"CHEMBL1744464","[3H]C([3H])([3H])N(c1ncc(cn1)c2oc3cc(O)ccc3n2)C([3H])([3H])[3H]","7.124938737"
"CHEMBL1744460","[3H]C([3H])([3H])N(c1ccc(cn1)c2nc3ccc(O)cc3s2)C([3H])([3H])[3H]","7.721246399"
"CHEMBL3326698","O=C(NCCCCCNc1c2CCCCc2nc3ccccc13)C4=Cc5ccccc5OC4=O","4"
"CHEMBL381336","CCC[C@@H]([C@@H](CC(C)C)C(=O)N[C@H]1CCCCN(Cc2cccc(Oc3ccccc3)c2)C1=O)C(=O)NC4CCCC4","5.22184875"
"CHEMBL3326704","O=C(NCCCCCCNc1c2CCCCc2nc3ccccc13)C4=Cc5ccccc5OC4=O","4"
"CHEMBL3934479","Fc1ccc(F)c2c1OCC3[C@H](CCS(=O)(=O)Cc4ccccn4)OCC[C@@]23S(=O)(=O)c5ccc(Cl)cc5","8.721246399"
"CHEMBL3941787","Fc1ccc(F)c2c1OCC3[C@H](CCS(=O)(=O)C4=CC=CNC4=O)OCC[C@@]23S(=O)(=O)c5ccc(Cl)cc5","8.552841969"
"CHEMBL2146608","COC(=O)[C@@]1(O)C[C@@H](OC(=O)\C=C\c2ccc(O)c(O)c2)[C@H](OC(=O)\C=C\c3ccc(O)c(O)c3)[C@@H](C1)OC(=O)\C=C\c4ccc(O)c(O)c4","5.522878745"
"CHEMBL2386721","CC1(C)OC(=N[C@](C)(c2nc(NC(=O)c3ncc(cc3Cl)C#N)ccc2F)C1(F)F)N","8.15490196"
"CHEMBL499997","OC(=O)[C@@]1(O)C[C@@H](OC(=O)\C=C\c2ccc(O)c(O)c2)[C@H](OC(=O)\C=C\c3ccc(O)c(O)c3)[C@@H](C1)OC(=O)\C=C\c4ccc(O)c(O)c4","6.522878745"
"CHEMBL196945","OC(=O)C1(CC1)c2ccc(c(F)c2)c3ccc(Cl)c(Cl)c3","4.387216143"
"CHEMBL193900","CC(C(=O)N)c1ccc(c(F)c1)c2cc(Cl)cc(Cl)c2","4.193820026"
"CHEMBL4110988","CO[C@@H]1CC[C@@]2(CC1)Cc3ccc(cc3[C@]24N=C(C)C(=N4)N)C#CC(C)C","9.15490196"
"CHEMBL3959097","CO[C@@H]1CC[C@@]2(CC1)Cc3ccc(OCCC(F)(F)F)cc3C24N=C(C)C(=N4)N","9.22184875"
"CHEMBL1086286","CCS(=O)(=O)NC[C@@H]1CCC[C@@]2([C@H]1COc3c(F)ccc(F)c23)S(=O)(=O)c4ccc(Cl)cc4","9"
"CHEMBL3692696","FC(F)(F)c1ccc(CC(=O)Nc2ccc3C[C@@H]4CC[C@H](Cc3c2)[C@@H]4NS(=O)(=O)c5ccc(Cl)s5)cc1","6.096910013"
"CHEMBL3692697","FC(F)(F)c1ccc(c(CCC(=O)Nc2ccc3C[C@@H]4CC[C@H](Cc3c2)[C@@H]4NS(=O)(=O)c5ccc(Cl)s5)c1)C(F)(F)F","3.200659451"
"CHEMBL3692695","FC(F)(F)c1ccc(cc1)C(=O)Nc2ccc3C[C@@H]4CC[C@H](Cc3c2)[C@@H]4NS(=O)(=O)c5ccc(Cl)s5","6"
"CHEMBL2063874","Cc1ccc(NS(=O)(=O)c2ccc(Cl)cc2)c(N)c1","4.522878745"
"CHEMBL204357","CCC[C@@H]([C@@H](CC(C)C)C(=O)N[C@H]1CCCCN(Cc2cccc(Oc3ccccc3)c2)C1=O)C(=O)NO","6.698970004"
"CHEMBL3327246","COc1ccc2OC(=O)C(=Cc2c1)C(=O)NCCCCCCCNc3c4CCCCc4nc5ccccc35","4.872895202"
"CHEMBL195970","CC(C(=O)O)c1ccc(c(F)c1)c2cc(Cl)cc(Cl)c2","4.113509275"
"CHEMBL372751","CC1(C)CCC(CC1)c2ccc(cc2)c3ccc(cc3F)C4(CC4)C(=O)O","3.995678626"
"CHEMBL196322","CC(C(=O)O)c1ccc(c(F)c1)c2ccc3OCOc3c2","3.677780705"
"CHEMBL205714","CCCCNC(=O)[C@@H](CCC)[C@@H](CC(C)C)C(=O)N[C@H]1CCCCN(Cc2cccc(Oc3ccccc3)c2)C1=O","5.301029996"
"CHEMBL3330745","NC(=O)\C(=C\c1ccc(s1)c2ccc(c3ccc(cc3)N(c4ccccc4)c5ccccc5)c6nsnc26)\C#N","5"
"CHEMBL3330748","CC(C)(C)n1c2cc(sc2c3sc(cc13)c4ccc(\C=C(/C#N)\C(=O)N)s4)c5ccc(cc5)N(c6ccccc6)c7ccccc7","5"
"CHEMBL3087677","COc1ccc2c(c1)c(CC(=O)NCCCNCCCNC3=CC(=O)C(=CC3=O)NCCCNCCCNC(=O)Cc4c(C)n(C(=O)c5ccc(Cl)cc5)c6ccc(OC)cc46)c(C)n2C(=O)c7ccc(Cl)cc7","5.21395879"
"CHEMBL3087674","CC(C)Cc1ccc(cc1)C(C)C(=O)NCCCNCCCNC2=CC(=O)C(=CC2=O)NCCCNCCCNC(=O)C(C)c3ccc(CC(C)C)cc3","5.316052869"
"CHEMBL3667025","CC(C)(C)OC(=O)CCC(C(=O)\C=C\c1ccc(O)c(OC(F)(F)F)c1)C(=O)\C=C\c2ccc(O)c(OC(F)(F)F)c2","6.187086643"
"CHEMBL3667036","COC(=O)CCC(C(=O)\C=C\c1ccc(O)c(c1)C(F)(F)F)C(=O)\C=C\c2ccc(O)c(c2)C(F)(F)F","6.443697499"
"CHEMBL3667037","Oc1ccc(\C=C\C(=O)C(CCC#N)C(=O)\C=C\c2ccc(O)c(OC(F)(F)F)c2)cc1OC(F)(F)F","6.522878745"
"CHEMBL3593278","[I-].CCN1\C(=C\C=C\c2sc3ccccc3[n+]2CC)\Sc4ccc(OCCCO[N+](=O)[O-])cc14","5.113509275"
"CHEMBL204443","CCC[C@@H]([C@@H](CC(C)C)C(=O)N[C@H]1CCCCN(Cc2cccc(Oc3ccccc3)c2)C1=O)C(=O)NC\C=C\Cc4ccccc4","5.522878745"
"CHEMBL382721","OC(=O)C1(CC1)c2ccc(c(F)c2)c3ccc(OC4CCOCC4)cc3","4.091514981"
"CHEMBL380778","CC(C(=O)O)c1ccc(c(F)c1)c2ccc(OC3CCCCC3)cc2","4.387216143"
"CHEMBL194020","CC(C(=O)OC(C)(C)C)c1ccc(c(F)c1)c2cc(Cl)cc(Cl)c2","4.698970004"
"CHEMBL3622510","OC(=O)c1c(O)cc2c3ccccc3[nH]c2c1O","4.823908741"
"CHEMBL429448","CC[C@@H]1CCC[C@@H](N1S(=O)(=O)c2cc(F)cc(F)c2)C3(CC3)OC(=O)N4CCC(CC4)N5CCCCC5","7.537602002"
"CHEMBL236191","CC[C@@H]1CCC[C@@H](N1S(=O)(=O)c2cc(F)cc(F)c2)C3(CC3)OC(=O)N4CCN(CC4)C(C)(C)CO","7.091514981"
"CHEMBL236196","CCC1(O)CCN(CC1)C(=O)O[C@H]2CCC3CCCC2N3S(=O)(=O)c4ccc(Cl)cc4","6.982966661"
"CHEMBL236193","Clc1ccc(cc1)S(=O)(=O)N2C3CCCC2[C@H](CC3)OC(=O)N4CCC(CC4)N5CCCCC5","7.823908741"
"CHEMBL392144","CC[C@@H]1CCC[C@@H](N1S(=O)(=O)c2ccc(Cl)cc2)C3(CC3)OC(=O)N4CCC(O)(CC)CC4","8.366531544"
"CHEMBL393941","CC(C)(CO)N1CCN(CC1)C(=O)OC2(CC2)[C@H]3CCC[C@@H](C4CC4)N3S(=O)(=O)c5ccc(Cl)cc5","7.408935393"
"CHEMBL236182","CC[C@@H]1CCC[C@@H](N1S(=O)(=O)c2ccc(Cl)cc2)C3(CC3)OC(=O)N4CCN(CCO)[C@@H](C)C4","8"
"CHEMBL394132","CC[C@@H]1CCC[C@@H](N1S(=O)(=O)c2ccc(Cl)cc2)C3(CC3)OC(=O)N4CCC(CCO)(CC4)OC","7.698970004"
"CHEMBL236192","OCCCN1CCN(CC1)C(=O)OC2(CC2)[C@H]3CCC[C@@H](C4CC4)N3S(=O)(=O)c5ccc(Cl)cc5","7.795880017"
"CHEMBL236183","CC[C@@H]1CCC[C@@H](N1S(=O)(=O)c2ccc(Cl)cc2)C3(CC3)OC(=O)N4CCN(CCCO)CC4","7.769551079"
"CHEMBL236182","CC[C@@H]1CCC[C@@H](N1S(=O)(=O)c2ccc(Cl)cc2)C3(CC3)OC(=O)N4CCN(CCO)[C@@H](C)C4","7.886056648"
"CHEMBL236188","CC[C@@H]1CCC[C@@H](N1S(=O)(=O)c2ccc(F)c(F)c2)C3(CC3)OC(=O)N4CCN(CC4)C(C)(C)CO","7.698970004"
"CHEMBL395313","CN1CCCC1CCNC(=O)OC[C@H]2CC[C@H](N2S(=O)(=O)c3ccc(Cl)cc3)c4ccccc4","6.22184875"
"CHEMBL1077196","CNc1ncc(cn1)c2nc3ccc(O)cc3s2","6.573488739"
"CHEMBL1744461","[3H]N(c1ccc(cn1)c2oc3cc(O)ccc3n2)C([3H])([3H])[3H]","6.739928612"
"CHEMBL3582130","C[C@@]12[C@@H](O)C[C@H](O)c3coc(C(=O)c4c5CCC(=O)c5ccc14)c23","4.995678626"
"CHEMBL1083207","CN(C)c1ccc(cn1)c2oc3ccc(O)cc3n2","6.863279433"
"CHEMBL2059206","CN(C)c1ccc(\C=C\c2cc(\C=C\c3ccc(N(C)C)c(O)c3)ncn2)cc1O","5.468521083"
"CHEMBL3741682","C[C@@H]1C[C@@]23C[C@@H]4[C@](CN2C1=O)(C[C@@]5(C(=O)Nc6c7OC=CC(C)(C)Oc7ccc56)C4(C)C)NC3=O","3.522878745"
"CHEMBL3593282","[I-].CCCOc1ccc2S\C(=C/C=C/c3sc4ccccc4[n+]3CC)\N(CC)c2c1","6.096910013"
"CHEMBL2408265","COc1ccc(C(=O)\C=C\c2ccc(cc2)C(=O)Nc3cc(ccc3O)[N+](=O)[O-])c(O)c1","4.876148359"
"CHEMBL2408104","CCCCCCCCCCCCNC(=O)c1ccc(\C=C\C(=O)c2ccc(OC)cc2O)cc1","4.798602876"
"CHEMBL2408102","COc1ccc(C(=O)\C=C\c2ccc(cc2)C(=O)NC(C)C)c(O)c1","4.749579998"
"CHEMBL3621634","Oc1ccc(\C=C\c2ccc(O)c3ncccc23)cc1","5.070581074"
"CHEMBL3622258","CC(C)c1c(NC(=O)\C=C\c2ccc(O)c(O)c2)cc3c(CC[C@H]4[C@](C)(CNC(=O)\C=C\c5ccc(O)c(O)c5)CCC[C@]34C)c1[N+](=O)[O-]","5.402304814"
"CHEMBL3326707","Cc1ccc2OC(=O)C(=Cc2c1)C(=O)NCCCCCCNc3c4CCCCc4nc5ccccc35","5.301029996"
"CHEMBL3286984","COc1cc(\C=C\2/Sc3nc(cn3C2=O)c4ccc(Cl)cc4)cc(Br)c1O","7.744727495"
"CHEMBL3740667","CC1=NN(C(=O)C1)c2cccnc2","4.301029996"
"CHEMBL3741680","CC1=NN(C(=O)C1)c2cccc(COCc3ccccc3)c2","5.537602002"
"CHEMBL3740346","CC1=NN(C(=O)C1)c2ccc(cc2)C(F)(F)F","4.301029996"
"CHEMBL3741408","CC1=NN(C(=O)C1)c2ccc(C)c(F)c2","4.301029996"
"CHEMBL3742311","CC1=NN(C(=O)C1)c2cccc(C)c2","4.301029996"
"CHEMBL3740761","CCc1ccccc1N2N=C(C)CC2=O","4.301029996"
"CHEMBL3800453","Oc1ccc(cc1O)C(=O)OCC(=O)Nc2c3CCCCc3nc4ccccc24","7.760450279"
"CHEMBL3798813","COc1ccc(\C=C\C(=O)OCC(=O)Nc2c3CCCCc3nc4ccccc24)cc1O","7.336110701"
"CHEMBL3815078","Nc1nc(NCc2ccccc2)c3ccccc3n1","5.318758763"
"CHEMBL492023","CN(C)c1ccc(\C=C\c2oc3cc(I)ccc3c2)cc1","5.552841969"
"CHEMBL491407","CN(C)c1ccc(\C=C\c2oc3cc(F)ccc3c2)cc1","5.659555885"
"CHEMBL444393","Cl.Nc1ccc(\C=C\c2oc3ccc(O)cc3c2)cc1","5.530177984"
"CHEMBL446870","CN(C)c1ccc(\C=C\c2oc3ccc(Cl)cc3c2)cc1","6.698970004"
"CHEMBL395312","Clc1ccc(cc1)S(=O)(=O)N2C(CCOC(=O)N3CCC(CC3)N4CCCCC4)CCc5ccccc25","6.443697499"
"CHEMBL231125","CN1CCN(CC1)C(=O)OCCCC2CCc3ccccc3N2S(=O)(=O)c4ccc(Cl)cc4","6.107905397"
"CHEMBL390478","CN1CCN(CC1)C(=O)OCCC2CCc3ccccc3N2S(=O)(=O)c4ccc(Cl)cc4","5.721246399"
"CHEMBL2059204","COc1ccc(\C=C\c2cc(\C=C\c3ccc(OC)c(O)c3)ncn2)cc1O","5.677780705"
"CHEMBL2059205","CN(C)c1cc(\C=C\c2cc(\C=C\c3ccc(O)c(c3)N(C)C)ncn2)ccc1O","5.431798276"
"CHEMBL2059218","CSc1nc(\C=C\c2ccc(N(C)C)c(O)c2)cc(\C=C\c3ccc(N(C)C)c(O)c3)n1","5.958607315"
"CHEMBL2381402","COc1ccc2C=C(C(=O)CN3CCC(CC3)c4ccccc4)C(=O)Oc2c1","4.853871964"
"CHEMBL2381385","COc1ccc2C=C(C(=O)CN3CCOCC3)C(=O)Oc2c1","4.537602002"
"CHEMBL2381386","COc1ccc2C=C(C(=O)CN3CCC(Cc4ccccc4)CC3)C(=O)Oc2c1","4.443697499"
"CHEMBL489792","COc1ccc2oc(\C=C\c3ccc(N(C)C)c(OC)c3)cc2c1","6.795880017"
"CHEMBL1082889","CNc1ccc(cn1)c2oc3cc(OC)ccc3n2","6.732828272"
"CHEMBL1082545","COc1ccc2nc(sc2c1)c3ccc(nc3)N(C)C","7.091514981"
"CHEMBL1744463","[3H]C([3H])([3H])N(c1ccc(cn1)c2oc3cc(O)ccc3n2)C([3H])([3H])[3H]","7.070581074"
"CHEMBL1744462","[3H]C([3H])([3H])N(c1ccc(cn1)c2oc3cc(OC)ccc3n2)C([3H])([3H])[3H]","6.690369833"
"CHEMBL3741643","CC1=NN(C(=O)C1)c2ccc(cc2)n3cccc3","4.585026652"
"CHEMBL3741680","CC1=NN(C(=O)C1)c2cccc(COCc3ccccc3)c2","4.568636236"
"CHEMBL3742091","CC1=NN(C(=O)C1)c2ccc(cc2)c3cccnc3","4.838631998"
"CHEMBL1084943","CNc1ccc(cn1)c2oc3cc(O)ccc3c2","7.346787486"
"CHEMBL2063874","Cc1ccc(NS(=O)(=O)c2ccc(Cl)cc2)c(N)c1","4.638272164"
"CHEMBL3742151","CC(=O)O[C@H]1CC(=O)OC(C)(C)[C@@H]2CC[C@]3(C)[C@H](CC=C(C)[C@@]34C[C@]5(OC(=C(C)C5=O)C)C(=O)O4)[C@@]12C","3.522878745"
"CHEMBL2063873","Cc1ccc(NS(=O)(=O)c2ccc(Cl)cc2)c(c1)\N=C\c3cc(Cl)cc(Cl)c3O","4.886056648"
"CHEMBL2436692","O=C1C=COc2cc(OCCCN3CCN(CCCNc4c5CCCCc5nc6ccccc46)CC3)ccc12","4.93930216"
"CHEMBL2408094","CCOCCOc1ccc(\C=C\C(=O)c2ccc(OC)cc2O)cc1","4.718966633"
"CHEMBL202877","CCCN(CCC)C(=O)c1cccc(c1)C(=O)N[C@@H](CC(C)C)[C@@H](N)C[C@@H](C)C(=O)Nc2ccc(F)cc2","5.22184875"
"CHEMBL425031","CCCN(CCC)C(=O)c1cccc(c1)C(=O)N[C@@H](CC(C)C)[C@@H](O)C[C@@H](C)C(=O)Nc2ccc(F)cc2","4.698970004"
"CHEMBL3330736","[Cl-].CNc1ccc2nc3ccc(cc3[s+]c2c1)N(C)C","5.522878745"
"CHEMBL3781022","CN(C)c1ccc(cc1)c2cc(NCCNc3cc([nH]n3)c4ccc(cc4)N(C)C)n[nH]2","5.124938737"
"CHEMBL2059393","CN(C)c1ccc(\C=C\c2cc(O)cc(\C=C\c3ccc(N(C)C)c(O)c3)c2)cc1O","5.48148606"
"CHEMBL3235412","COC(=O)[C@H](Cc1c[nH]cn1)NC(=O)CN(CC(=O)O)Cc2ccccc2","5.27572413"
"CHEMBL2059212","COc1nc(\C=C\c2ccc(N(C)C)c(O)c2)cc(\C=C\c3ccc(N(C)C)c(O)c3)n1","6.096910013"
"CHEMBL3818600","O=C(N1CCN(CC1)c2ccc(C=C3C(=O)c4ccccc4C3=O)cc2)c5occc5","5.036212173"
"CHEMBL3818053","O=C1C(=Cc2ccc(cc2)N3CCN(CC3)c4ncccn4)C(=O)c5ccccc15","4.995248844"
"CHEMBL3814813","CCCNc1nc(N)nc2ccccc12","4.826813732"
"CHEMBL3814123","Nc1nc(NCCc2ccccc2)c3ccccc3n1","5.107905397"
"CHEMBL248339","COc1cc(\C=C\c2cccc(\C=C\c3ccc(N4CCCC4)c(OC)c3)c2)ccc1N5CCCC5","4.698970004"
"CHEMBL2436704","COc1cc(OCCCN2CCN(CCCNc3c4CCCCc4nc5ccccc35)CC2)cc6OC(=CC(=O)c16)c7ccccc7","5.017728767"
"CHEMBL2179241","Nc1c(cnc2cc(nn12)c3ccccc3)S(=O)(=O)c4ccc(Cl)cc4","5.638272164"
"CHEMBL3330737","OC(=O)\C(=C\c1ccc(s1)c2ccc(s2)c3ccc(cc3)N(c4ccccc4)c5ccccc5)\C#N","6.387216143"
"CHEMBL3330740","NC(=O)\C(=C\c1ccc(s1)c2ccc(s2)c3ccc(cc3)N(c4ccccc4)c5ccccc5)\C#N","5.823908741"
"CHEMBL3330747","CC(C)(C)n1c2cc(sc2c3sc(cc13)c4ccc(C=C(C#N)C#N)s4)c5ccc(cc5)N(c6ccccc6)c7ccccc7","5"
"CHEMBL3330752","COc1ccc(cc1)c2cc3c(s2)c4sc(cc4n3C(C)(C)C)c5ccc(C=C(C#N)C#N)s5","5"
"CHEMBL3330743","O=Cc1ccc(s1)c2ccc(c3ccc(cc3)N(c4ccccc4)c5ccccc5)c6nsnc26","5"
"CHEMBL2402074","CCCNc1ccc(O)c(CNc2ccc(\C=C\c3cc(OC)cc(OC)c3)cc2)c1","4.883724412"
"CHEMBL2402067","COc1cc(OC)cc(\C=C\c2ccc(NCc3cc(ccc3O)N(C)C)cc2)c1","5.121478204"
"CHEMBL2402160","CN(C)c1ccc(O)c(CNc2ccc(\C=C\c3cc(O)cc(O)c3)cc2)c1","5.186419011"
"CHEMBL2402162","COc1ccc(\C=C\c2ccc(NCc3cc(ccc3O)N(C)C)cc2)cc1","4.913640169"
"CHEMBL541265","OC(O[C@H](Cc1ccc(O)c(O)c1)C(=O)O)[C@@H]2[C@H](Oc3cc(O)cc(\C=C\C(=O)O[C@H](Cc4ccc(O)c(O)c4)C(=O)O)c23)c5ccc(O)c(O)c5","5.301029996"
"CHEMBL3087679","C[C@@H](C(=O)NCCCNCCCNC1=CC(=O)C(=CC1=O)NCCCNCCCNC(=O)[C@H](C)c2ccc(c(F)c2)c3ccccc3)c4ccc(c(F)c4)c5ccccc5","5.321481621"
"CHEMBL2436693","O=C1C=C(Oc2cc(OCCN3CCN(CCNc4c5CCCCc5nc6ccccc46)CC3)ccc12)c7ccccc7","4.774690718"
"CHEMBL3814134","Nc1nc(NCc2ccccc2)nc3ccccc13","5.075720714"
"CHEMBL3814123","Nc1nc(NCCc2ccccc2)c3ccccc3n1","4.602059991"
"CHEMBL3814270","Nc1nc(NCc2cccc(Br)c2)c3ccccc3n1","4.651695137"
"CHEMBL3813811","Nc1nc(NCc2ccc(Cl)cc2)c3ccccc3n1","4.602059991"
"CHEMBL3813811","Nc1nc(NCc2ccc(Cl)cc2)c3ccccc3n1","6.207608311"
"CHEMBL3815140","CC(C)Nc1nc(N)c2ccccc2n1","4.602059991"
"CHEMBL3815148","Nc1nc(NCc2ccc(Cl)cc2)nc3ccccc13","6.031517051"
"CHEMBL3814324","COc1cccc(CNc2nc(N)c3ccccc3n2)c1","4.602059991"
"CHEMBL3813859","Cc1ccc(CNc2nc(N)c3ccccc3n2)cc1","4.647817482"
"CHEMBL2402075","COc1cc(OC)cc(\C=C\c2ccc(NCc3cc(NCC(C)C)ccc3O)cc2)c1","4.986320303"
"CHEMBL2436697","O=C1C=C(Oc2cc(OCCCCCCN3CCN(CCNc4c5CCCCc5nc6ccccc46)CC3)ccc12)c7ccccc7","4.847711656"
"CHEMBL2436696","O=C1C=C(Oc2cc(OCCCCCN3CCN(CCNc4c5CCCCc5nc6ccccc46)CC3)ccc12)c7ccccc7","4.89279003"
"CHEMBL2436695","O=C1C=C(Oc2cc(OCCCCN3CCN(CCNc4c5CCCCc5nc6ccccc46)CC3)ccc12)c7ccccc7","4.785156152"
"CHEMBL2402163","CN(C)c1ccc(\C=C\c2ccc(NCc3cc(ccc3O)N(C)C)cc2)cc1","4.972242795"
"CHEMBL3799641","O=C(COC(=O)Cc1c[nH]c2ccccc12)Nc3c4CCCCc4nc5ccccc35","7.409381052"
"CHEMBL521929","COc1ccc2cc(oc2c1)\C=C\c3ccc(N(C)C)c(OC)c3","6.27572413"
"CHEMBL2402063","COc1cc(OC)cc(\C=C\c2ccc(NCc3cc(NC(C)C)ccc3O)cc2)c1","4.736363931"
"CHEMBL2402161","CN(C)c1ccccc1CNc2ccc(\C=C\c3cc(O)cc(O)c3)cc2","4.848936747"
"CHEMBL3594077","Oc1ccc(cc1)c2cc([nH]n2)c3c(O)cccc3O","4.801342913"
"CHEMBL2436690","Oc1cc(OCCCN2CCN(CCCNc3c4CCCCc4nc5ccccc35)CC2)cc6OC=CC(=O)c16","5.318758763"
"CHEMBL2436710","[O-][N+](=O)c1ccc(cc1)C2=CC(=O)c3ccc(OCCCN4CCN(CCCNc5c6CCCCc6nc7ccccc57)CC4)cc3O2","4.850780887"
"CHEMBL2436703","Oc1cc(OCCCN2CCN(CCCNc3c4CCCCc4nc5ccccc35)CC2)cc6OC(=CC(=O)c16)c7ccccc7","5.187086643"
"CHEMBL2408095","COc1ccc(C(=O)\C=C\c2cc(Br)c(OCc3ccccc3)c(OC)c2)c(O)c1","4.903089987"
"CHEMBL260867","COc1ccc(C(=O)\C=C\c2cc(OC)c(OC)c(OC)c2)c(O)c1","5.013228266"
"CHEMBL229907","COc1ccc(\C=C\C(=O)c2ccc(OC)cc2O)cc1","5.075720714"
"CHEMBL3099500","CN(CCCCNc1c2CCCCc2nc3c(NC(=O)CNC(=O)CC[C@H](NC(=O)CNC(=O)OCc4ccccc4)C(=O)N[C@@H](Cc5ccccc5)C(=O)OCc6ccccc6)cccc13)CCCNc7c8CCCCc8nc9ccccc79","4.292429824"
"CHEMBL3751854","COc1ccc(CC(=O)Nc2nc(cs2)c3ccccc3)cc1","4.974694135"
"CHEMBL3582128","C[C@]1(O)c2ccc3C(=O)CCc3c2C(=O)c4occ(CCO)c14","4.46470588"
"CHEMBL515387","FC1(F)CCN(C1)C(=O)[C@@H]2C[C@@H](CN2)N3CCN(CC3)c4ncccn4","4.522878745"
"CHEMBL2063873","Cc1ccc(NS(=O)(=O)c2ccc(Cl)cc2)c(c1)\N=C\c3cc(Cl)cc(Cl)c3O","4.207608311"
"CHEMBL258752","COc1ccc(C(=O)\C=C\c2cc(OC)c(OC)cc2OC)c(O)c1","4.991399828"
"CHEMBL2407101","CCOCCCOc1ccc(\C=C\C(=O)c2ccc(OC)cc2O)cc1OC","5.236572006"
"CHEMBL497","Oc1c(I)cc(Cl)c2cccnc12","4"
"CHEMBL3752685","Cl.Cl.C(CCCNc1c2CCCCc2nc3ccccc13)CCCNc4c5CCCCc5nc6ccccc46","5.075720714"
"CHEMBL2179243","Clc1cc(c(Cl)s1)S(=O)(=O)Nc2ccc(cc2)N3CCCCC3","6.15490196"
"CHEMBL3799558","COc1ccc(CC(=O)OCC(=O)Nc2c3CCCCc3nc4ccccc24)c(OC)c1OC","7.285586408"
"CHEMBL3800317","COc1ccc(\C=C\C(=O)OCC(=O)Nc2c3CCCCc3nc4ccccc24)cc1OC","7.308564848"
"CHEMBL4110655","C[C@@]1(N=C(N)OCC1(F)F)c2nc(NC(=O)c3nccnc3N)ccc2F","6.744727495"
"CHEMBL576840","OC(=O)C(CSSCC(NC(=O)Cc1ccccc1)C(=O)O)NC(=O)Cc2ccccc2","5.709965389"
"CHEMBL3943313","Fc1ccc(F)c2c1OCC3[C@H](CCS(=O)(=O)CCn4cccn4)OCC[C@@]23S(=O)(=O)c5ccc(Cl)cc5","8.853871964"
"CHEMBL3900140","Fc1ccc(F)c2c1OCC3[C@H](CCS(=O)(=O)c4ccncn4)OCC[C@@]23S(=O)(=O)c5ccc(Cl)cc5","8.537602002"
"CHEMBL3593276","CCN1\C(=C\C=C\c2sc3ccc(OCCCO[N+](=O)[O-])cc3[n+]2CC)\Sc4ccc(OCCCO[N+](=O)[O-])cc14.[O-]S(=O)(=O)C(F)(F)F","4.585026652"
"CHEMBL3667028","[Na+].[Na+].COC(=O)CCC(C(=O)\C=C\c1ccc([O-])c(OC(F)(F)F)c1)C(=O)\C=C\c2ccc([O-])c(OC(F)(F)F)c2","6.251811973"
"CHEMBL3667030","CN(C)C(=O)CCC(C(=O)\C=C\c1ccc(O)c(OC(F)(F)F)c1)C(=O)\C=C\c2ccc(O)c(OC(F)(F)F)c2","6.301029996"
"CHEMBL3667034","CNc1ccc(\C=C\C(=O)CC(=O)\C=C\c2ccc(NC)c(c2)C(F)(F)F)cc1C(F)(F)F","5.236572006"
"CHEMBL165","Oc1ccc(\C=C\c2cc(O)cc(O)c2)cc1","4.798602876"
"CHEMBL3087676","Clc1cccc(Cl)c1Nc2ccccc2CC(=O)NCCCNCCCNC3=CC(=O)C(=CC3=O)NCCCNCCCNC(=O)Cc4ccccc4Nc5c(Cl)cccc5Cl","5.507239611"
"CHEMBL4114995","C[C@@]1(N=C(N)OCC1(F)F)c2nc(NC(=O)c3ncc(OCCCF)nc3N)ccc2F","6.508638306"
"CHEMBL2408264","COc1ccc(C(=O)\C=C\c2ccc(cc2)C(=O)Nc3ccccc3O)c(O)c1","4.995678626"
"CHEMBL3814981","CCCNc1nc(N)c2ccccc2n1","4.602059991"
"CHEMBL3814981","CCCNc1nc(N)c2ccccc2n1","4.602059991"
"CHEMBL3814189","Nc1nc(NCc2ccc(F)cc2)nc3ccccc13","4.602059991"
"CHEMBL410263","[Na+].[Na+].Oc1ccc2cc(cc(c2c1\N=N\c3ccccc3)S(=O)(=O)[O-])S(=O)(=O)[O-]","5.522878745"
"CHEMBL3815002","Nc1nc(NCC2CCCCC2)c3ccccc3n1","4.866461092"
"CHEMBL3814965","CC(C)Nc1nc(N)nc2ccccc12","4.991399828"
"CHEMBL3739861","CC1=NN(C(=O)C1)c2ccc(cc2)N(c3ccccc3)c4ccccc4","5.397940009"
"CHEMBL468154","O[C@@H]1[C@@H](O)[C@H](O)[C@@H](O)[C@H](O)[C@H]1O","4"
"CHEMBL4114267","Cc1cc(cnc1C(=O)Nc2ccc(F)c(n2)[C@@]3(C)N=C(N)OCC3(F)F)C#N","8.15490196"
"CHEMBL2386722","COCC[C@@]1(N=C(N)OCC1(F)F)c2nc(NC(=O)c3ncc(cc3C)C#N)ccc2F","7.30980392"
"CHEMBL3659994","OCC(O)CC[C@@H]1OCC[C@@]2([C@H]1COc3c(F)ccc(F)c23)S(=O)(=O)c4ccc(Cl)cc4","7.823908741"
"CHEMBL1778349","O[C@@]12COc3c(F)ccc(F)c3[C@@]1(CC[C@H](C2)NS(=O)(=O)C4CC4)S(=O)(=O)c5ccc(Cl)cc5","7.537602002"
"CHEMBL3582132","C[C@]12C[C@H](O)C3=C([C@@H]1CCC2=O)C(=O)c4occ5C(=O)CC[C@@]3(C)c45","5.920818754"
"CHEMBL66","O[C@@H]1[C@H](Oc2cc(O)cc(O)c2C1=O)c3ccc(O)c(O)c3","4.48148606"
"CHEMBL231160","CCN(CCCCCCNC1=CC(=O)C(=CC1=O)NCCCCCCN(CC)Cc2ccccc2OC)Cc3ccccc3OC","5.226945307"
"CHEMBL3740705","COc1cccc(c1)N2N=C(C)CC2=O","4.301029996"
"CHEMBL3797381","COc1cc(ccc1O)C(=O)OCC(=O)Nc2c3CCCCc3nc4ccccc24","7.427593132"
"CHEMBL3799950","COc1cc(\C=C\C(=O)OCC(=O)Nc2c3CCCCc3nc4ccccc24)cc(OC)c1OC","7.338376591"
"CHEMBL3799175","Clc1ccc(\C=C\C(=O)OCC(=O)Nc2c3CCCCc3nc4ccccc24)cc1","7.285921835"
"CHEMBL3742186","CC1=NN(C(=O)C1)c2cc(F)ccc2C","4.301029996"
"CHEMBL3740157","CC1=NN(C(=O)C1)c2ccc(C)cc2","4.301029996"
"CHEMBL3739456","CC1=NN(C(=O)C1)c2ccc3ccccc3c2","4.301029996"
"CHEMBL3741747","CC1=NN(C(=O)C1)c2ccc(cc2)n3c(cc4ccccc34)c5ccccc5","5.455931956"
"CHEMBL3629737","CC1(C)OCC2(CCC[C@@]3([C@H]2COc4c(F)ccc(F)c34)S(=O)(=O)c5ccc(Cl)cc5)CO1","7.176525771"
"CHEMBL3629738","Fc1ccc(F)c2c1OC[C@H]3[C@]4(CCC[C@@]23S(=O)(=O)c5ccc(Cl)cc5)CCOC4","7.8569852"
"CHEMBL3629742","Fc1ccc(F)c2c1OC[C@H]3C4(CCC[C@@]23S(=O)(=O)c5ccc(Cl)cc5)CCSCC4","7.578396073"
"CHEMBL3814103","Cc1cccc(CNc2nc(N)c3ccccc3n2)c1","4.602059991"
"CHEMBL3357256","Nc1nc(NCc2ccc(F)cc2)c3ccccc3n1","5.508638306"
"CHEMBL3814383","Nc1nc(NCc2cccc(Cl)c2)c3ccccc3n1","5.721246399"
"CHEMBL3814103","Cc1cccc(CNc2nc(N)c3ccccc3n2)c1","4.602059991"
"CHEMBL3814383","Nc1nc(NCc2cccc(Cl)c2)c3ccccc3n1","4.602059991"
"CHEMBL3814909","COc1ccc(CNc2nc(N)c3ccccc3n2)cc1","5.167491087"
"CHEMBL3813859","Cc1ccc(CNc2nc(N)c3ccccc3n2)cc1","4.882728704"
"CHEMBL3937729","CO[C@@H]1CC[C@@]2(CC1)Cc3cc(C)c(cc3C24N=C(C)C(=N4)N)c5cc(Cl)cc(c5)[N+]#[C-]","7.920818754"
"CHEMBL3902640","CO[C@@H]1CC[C@@]2(CC1)Cc3cc(F)c(cc3[C@@]24N=C(C)C(=N4)N)c5cc(Cl)cc(c5)C#N","9.096910013"
"CHEMBL3813837","Nc1nc(NCc2cccc(F)c2)nc3ccccc13","4.832682665"
"CHEMBL3814001","Nc1nc(NCc2ccc(Br)cc2)nc3ccccc13","5.769551079"
"CHEMBL165","Oc1ccc(\C=C\c2cc(O)cc(O)c2)cc1","5.585026652"
"CHEMBL4115141","C[C@@]1(N=C(N)OCC1(F)F)c2nc(NC(=O)c3ncc(OCC(F)F)cc3Cl)ccc2F","6.602059991"
"CHEMBL3741268","COc1ccc(cc1)c2ccc(cc2)N3N=C(C)CC3=O","5.468521083"
"CHEMBL4112589","C[C@@]1(N=C(N)OCC1(F)F)c2nc(NC(=O)c3ncc(cc3N)C(F)F)ccc2F","7.180456064"
"CHEMBL4111654","COc1cnc(C(=O)Nc2ccc(F)c(n2)[C@@]3(C)N=C(N)OCC3(F)F)c(C)c1","7.086186148"
"CHEMBL4115329","C[C@@]1(N=C(N)OCC1(F)F)c2nc(NC(=O)c3ncc(Cl)cc3N)ccc2F","7.346787486"
"CHEMBL264006","CC(C(=O)O)c1ccc(c(F)c1)c2ccc(cc2)C3CCCCC3","4.677780705"
"CHEMBL3594078","Oc1ccc(cc1O)c2cc([nH]n2)c3c(O)cccc3O","5.886056648"
"CHEMBL27246","OC(=O)\C=C\c1ccccc1","4"
"CHEMBL3672720","CC1=NC2(N=C1N)c3cc(ccc3CCC24CC4)c5cncc(Cl)c5","7.958607315"
"CHEMBL3672687","CC1=NC2(N=C1N)c3cc(Br)ccc3C[C@@]24CC[C@H](O)CC4","8.619788758"
"CHEMBL3945110","CO[C@@H]1CC[C@@]2(CC1)Cc3ccc(cc3C24N=C(C)C(=N4)N)C#CC(C)C","6.168770306"
"CHEMBL389549","Clc1ccc(cc1)S(=O)(=O)N2C(CCOC(=O)NCCCn3ccnc3)CCc4ccccc24","6.552841969"
"CHEMBL3327247","Cc1ccc2OC(=O)C(=Cc2c1)C(=O)NCCCCCCCNc3c4CCCCc4nc5ccccc35","5.214670165"
"CHEMBL3400292","CNc1ccc(cc1)C(=O)NC(CCCCCNC(=O)OCc2ccccc2)C(=O)O","5.560667306"
"CHEMBL3739861","CC1=NN(C(=O)C1)c2ccc(cc2)N(c3ccccc3)c4ccccc4","4.301029996"
"CHEMBL410263","[Na+].[Na+].Oc1ccc2cc(cc(c2c1\N=N\c3ccccc3)S(=O)(=O)[O-])S(=O)(=O)[O-]","5.060480747"
"CHEMBL297453","Oc1cc(O)c2C[C@@H](OC(=O)c3cc(O)c(O)c(O)c3)[C@H](Oc2c1)c4cc(O)c(O)c(O)c4","5.337242168"
"CHEMBL151","Oc1cc(O)c2C(=O)C=C(Oc2c1)c3ccc(O)c(O)c3","5.193820026"
"CHEMBL3235503","C(CSSCCNc1c2CCCCc2nc3ccccc13)Nc4c5CCCCc5nc6ccccc46","4.616184634"
"CHEMBL3672728","CO[C@@H]1CC[C@@]2(CC1)CCc3ccc(cc3C24N=C(C)C(=N4)N)c5cncc(c5)C#CC","8.619788758"
"CHEMBL3672729","CC1=NC2(N=C1N)c3cc(ccc3CCC24CC4)c5cc(Cl)cc(c5)C#N","7.795880017"
"CHEMBL3923244","CO[C@@H]1CC[C@@]2(CC1)Cc3ccc(OCC4CC4)cc3C25N=C(C)C(=N5)N","8.795880017"
"CHEMBL2408263","COc1ccc(C(=O)\C=C\c2ccc(cc2)C(=O)Nc3ccccc3OC)c(O)c1","5.13667714"
"CHEMBL3739499","CC1=C(C)C2=C(C[C@]3(O2)C(=CC[C@@H]4[C@@]5(C)C=CC(=O)OC(C)(C)[C@@H]5CC[C@@]34C)C)C(=O)O1","3.522878745"
"CHEMBL3740688","CN1C(=O)[C@@]23CCC(=O)N2C[C@@]14C[C@@]5(C(=O)Nc6c7C=CC(C)(C)Oc7ccc56)C(C)(C)[C@@H]4C3","3.729088361"
"CHEMBL324842","OC(=O)[C@@H](Cc1ccc(O)c(O)c1)OC(=O)\C=C\c2ccc(O)c(O)c2","4.14327111"
"CHEMBL1086287","Fc1ccc(F)c2c1OC[C@H]3[C@H](CNS(=O)(=O)C(F)(F)F)CCC[C@@]23S(=O)(=O)c4ccc(Cl)cc4","7.853871964"
"CHEMBL3781026","Fc1ccc(cc1)c2cc(NCCNc3cc([nH]n3)c4ccc(F)cc4)n[nH]2","4.392544977"
"CHEMBL3330750","COc1ccc(cc1)c2ccc(s2)c3ccc(C=C(C#N)C#N)s3","6"
"CHEMBL236184","CC[C@@H]1CCC[C@@H](N1S(=O)(=O)c2ccc(Cl)cc2)C3(CC3)OC(=O)N4CCN(CC4)C(C)(C)CO","8.080921908"
"CHEMBL3948649","Fc1ccc(F)c2c1OCC3[C@H](CCS(=O)(=O)c4cccnn4)OCC[C@@]23S(=O)(=O)c5ccc(Cl)cc5","8.346787486"
"CHEMBL3928118","Fc1ccc(F)c2c1OCC3[C@H](CCS(=O)(=O)c4ncccn4)OCC[C@@]23S(=O)(=O)c5ccc(Cl)cc5","8.193820026"
"CHEMBL3814631","Nc1nc(NCc2ccc(Br)cc2)c3ccccc3n1","7.096910013"
"CHEMBL3815140","CC(C)Nc1nc(N)c2ccccc2n1","4.602059991"
"CHEMBL3814191","Nc1nc(NCc2cccc(Cl)c2)nc3ccccc13","4.872895202"
"CHEMBL3814909","COc1ccc(CNc2nc(N)c3ccccc3n2)cc1","4.602059991"
"CHEMBL3814363","Cc1cccc(CNc2nc(N)nc3ccccc23)c1","4.602059991"
"CHEMBL3740785","C[C@@H]1C[C@@]23C[C@H]4C(C)(C)[C@@]5(C[C@]4(CN2C1=O)NC3=O)C(=O)Nc6c7C=CC(C)(C)Oc7ccc56","3.612076533"
"CHEMBL3594079","COc1cc(cc(OC)c1O)c2cc([nH]n2)c3c(O)cccc3O","5.537602002"
"CHEMBL3330753","COc1ccc(cc1)c2cc3c(s2)c4sc(cc4n3C(C)(C)C)c5ccc(\C=C(/C#N)\C(=O)N)s5","6.259637311"
"CHEMBL3330754","O=Cc1ccc(s1)c2ccc(s2)c3ccc4[nH]ccc4c3","5"
"CHEMBL3814611","Nc1nc(NCc2ccc(cc2)C(F)(F)F)nc3ccccc13","5.27572413"
"CHEMBL3799703","COc1ccc(C(=O)OCC(=O)Nc2c3CCCCc3nc4ccccc24)c(OC)c1OC","7.1837587"
"CHEMBL3740705","COc1cccc(c1)N2N=C(C)CC2=O","4.301029996"
"CHEMBL3814363","Cc1cccc(CNc2nc(N)nc3ccccc23)c1","5.443697499"
"CHEMBL231160","CCN(CCCCCCNC1=CC(=O)C(=CC1=O)NCCCCCCN(CC)Cc2ccccc2OC)Cc3ccccc3OC","5.226945307"
"CHEMBL3814349","Nc1nc(NCc2cccc(c2)C(F)(F)F)c3ccccc3n1","5.455931956"
"CHEMBL28626","OC1=C(Oc2cc(O)cc(O)c2C1=O)c3ccc(O)cc3O","4.518557371"
"CHEMBL3797363","COc1cc(cc(OC)c1OC)C(=O)OCC(=O)Nc2c3CCCCc3nc4ccccc24","7.512296137"
"CHEMBL3814611","Nc1nc(NCc2ccc(cc2)C(F)(F)F)nc3ccccc13","5.638272164"
"CHEMBL3814191","Nc1nc(NCc2cccc(Cl)c2)nc3ccccc13","5.229147988"
"CHEMBL503168","OC1=C(Oc2cc(O)cc(O)c2C1=O)c3ccccc3O","4.256490235"
"CHEMBL3814610","Nc1nc(NCCc2ccccc2)nc3ccccc13","4.602059991"
"CHEMBL3815150","Nc1nc(NCc2cccc(c2)C(F)(F)F)nc3ccccc13","4.860120914"
"CHEMBL3357256","Nc1nc(NCc2ccc(F)cc2)c3ccccc3n1","4.602059991"
"CHEMBL3814748","Nc1nc(NCc2cccc(F)c2)c3ccccc3n1","4.602059991"
"CHEMBL3814610","Nc1nc(NCCc2ccccc2)nc3ccccc13","4.826813732"
"CHEMBL3814189","Nc1nc(NCc2ccc(F)cc2)nc3ccccc13","4.602059991"
"CHEMBL3814125","Nc1nc(NCc2cccc(Br)c2)nc3ccccc13","5.823908741"
"CHEMBL3629740","Fc1ccc(F)c2c1OC[C@H]3[C@]4(CCC[C@@]23S(=O)(=O)c5ccc(Cl)cc5)CCOC4=O","6.642065153"
"CHEMBL3899794","C[P@@]1(=O)OC[C@@]2(CCC[C@@]3([C@H]2COc4c(F)ccc(F)c34)S(=O)(=O)c5ccc(Cl)cc5)CO1","8.022276395"
"CHEMBL2436699","O=C1C=C(Oc2cc(OCCCN3CCN(CCCNc4c5CCCCc5nc6ccccc46)CC3)ccc12)c7ccccc7","4.826813732"
"CHEMBL3672698","CC1=N[C@]2(N=C1N)c3cc(ccc3C[C@@]24CC[C@H](O)CC4)c5cc(Cl)cc(c5)C#N","8.795880017"
"CHEMBL3629743","Fc1ccc(F)c2c1OC[C@H]3[C@]4(CCC[C@@]23S(=O)(=O)c5ccc(Cl)cc5)CCN(C4)S(=O)(=O)C(F)(F)F","7.632644079"
"CHEMBL3905228","C[P@@]1(=O)OC[C@]2(CCC[C@@]3([C@H]2COc4c(F)ccc(F)c34)S(=O)(=O)c5ccc(cc5)C(F)(F)F)CO1","6.401209493"
"CHEMBL3971184","Fc1ccc(F)c2c1OCC3[C@H](CCS(=O)(=O)C4=CNC(=O)C=C4)OCC[C@@]23S(=O)(=O)c5ccc(Cl)cc5","7.728158393"
"CHEMBL3935559","Fc1ccc(F)c2c1OCC3[C@H](CCS(=O)(=O)c4ccnnc4)OCC[C@@]23S(=O)(=O)c5ccc(Cl)cc5","7.991399828"
"CHEMBL3742091","CC1=NN(C(=O)C1)c2ccc(cc2)c3cccnc3","5.408935393"
"CHEMBL3739947","COc1cc(F)cc(c1)N2N=C(C)CC2=O","4.301029996"
"CHEMBL418455","OC(=O)c1cc(\C=C\c2ccc(\C=C\c3ccc(O)c(c3)C(=O)O)c(I)c2)ccc1O","5.096910013"
"CHEMBL2381402","COc1ccc2C=C(C(=O)CN3CCC(CC3)c4ccccc4)C(=O)Oc2c1","4.537602002"
"CHEMBL3286981","COc1cc(\C=C\2/Sc3nc(cn3C2=O)c4ccncc4)cc(OC)c1O","7.031517051"
"CHEMBL3961972","Fc1ccc(F)c2c1OCC3[C@H](CCS(=O)(=O)Cc4cccnc4)OCC[C@@]23S(=O)(=O)c5ccc(Cl)cc5","8.180456064"
"CHEMBL3781419","Cc1ccc(cc1)c2cc(NCCNc3cc([nH]n3)c4cccs4)n[nH]2","4.537602002"
"CHEMBL4109860","CCOc1cnc(C(=O)Nc2ccc(F)c(n2)[C@@]3(C)N=C(N)OCC3(F)F)c(Cl)c1","6.346787486"
"CHEMBL4108644","CC(F)(F)c1nc(N)c(nc1Cl)C(=O)Nc2ccc(F)c(n2)[C@@]3(C)N=C(N)OCC3(F)F","5.187086643"
"CHEMBL3672731","CO[C@@H]1CC[C@@]2(CC1)CCc3ccc(cc3C24N=C(C)C(=N4)N)c5cc(Cl)cc(c5)C#N","7.036212173"
"CHEMBL3672723","CO[C@@H]1CC[C@@]2(CC1)CCc3ccc(cc3C24N=C(C)C(=N4)N)c5cc(OC)cc(c5)C#N","9"
"CHEMBL4110279","C[C@@]1(N=C(N)OCC1(F)F)c2nc(NC(=O)c3ncc(nc3N)C(F)(F)F)ccc2F","6.853871964"
"CHEMBL3672732","CO[C@@H]1CC[C@]2(CC1)CCc3ccc(cc3C24N=C(C)C(=N4)N)c5cc(Cl)cc(c5)C#N","8.346787486"
"CHEMBL3672726","CO[C@@H]1CC[C@]2(CC1)CCc3ccc(cc3C24N=C(C)C(=N4)N)c5cncc(Cl)c5","7.721246399"
"CHEMBL3904071","Fc1ccc(F)c2c1OCC3[C@H](CCS(=O)(=O)c4cnccn4)OCC[C@@]23S(=O)(=O)c5ccc(Cl)cc5","8.259637311"
"CHEMBL3984227","Nc1ncccc1S(=O)(=O)CC[C@@H]2OCC[C@@]3(C2COc4c(F)ccc(F)c34)S(=O)(=O)c5ccc(Cl)cc5","7.744727495"
"CHEMBL3956918","Fc1ccc(F)c2c1OCC3[C@H](CCS(=O)(=O)Cc4nocn4)OCC[C@@]23S(=O)(=O)c5ccc(Cl)cc5","8.769551079"
"CHEMBL3937398","CO[C@@H]1CC[C@@]2(CC1)Cc3ccc(OCC4CC4)cc3[C@@]25N=C(C)C(=N5)N","9.045757491"
"CHEMBL3957316","Cc1onc(CS(=O)(=O)CC[C@@H]2OCC[C@@]3(C2COc4c(F)ccc(F)c34)S(=O)(=O)c5ccc(Cl)cc5)n1","8.236572006"
"CHEMBL3905561","COc1ccc(cn1)S(=O)(=O)CC[C@@H]2OCC[C@@]3(C2COc4c(F)ccc(F)c34)S(=O)(=O)c5ccc(Cl)cc5","7.782516056"
"CHEMBL3909054","Fc1ccc(F)c2c1OCC3[C@H](CCS(=O)(=O)c4cncnc4)OCC[C@@]23S(=O)(=O)c5ccc(Cl)cc5","7.88941029"
"CHEMBL418455","OC(=O)c1cc(\C=C\c2ccc(\C=C\c3ccc(O)c(c3)C(=O)O)c(I)c2)ccc1O","5.096910013"
"CHEMBL3959097","CO[C@@H]1CC[C@@]2(CC1)Cc3ccc(OCCC(F)(F)F)cc3C24N=C(C)C(=N4)N","7.251811973"
"CHEMBL3969309","CO[C@@H]1CC[C@@]2(CC1)Cc3cc(F)c(cc3C24N=C(C)C(=N4)N)c5cncc(Cl)c5","8.522878745"
"CHEMBL3667022","COC(=O)CC(C(=O)\C=C\c1ccc(O)c(OC(F)(F)F)c1)C(=O)\C=C\c2ccc(O)c(OC(F)(F)F)c2","6.283996656"
"CHEMBL2408262","COc1ccc(C(=O)\C=C\c2ccc(cc2)C(=O)Nc3ccc(C)cc3C)c(O)c1","5.080921908"
"CHEMBL1085076","Fc1ccc(F)c2c1OC[C@H]3[C@H](CNS(=O)(=O)C(F)(F)F)CCC[C@@]23S(=O)(=O)c4ccc(cc4)C(F)(F)F","7.26760624"
"CHEMBL2386724","C[C@@]1(N=C(N)OCC1(F)F)c2nc(NC(=O)c3ncc(Cl)cc3Cl)ccc2F","7.920818754"
"CHEMBL1090209","Fc1ccc(F)c2c1OC[C@H]3C[C@@H](CC[C@@]23S(=O)(=O)c4ccc(Cl)cc4)NS(=O)(=O)C(F)(F)F","7.568636236"
"CHEMBL3667027","CCOC(=O)C(C(=O)\C=C\c1ccc(O)c(OC(F)(F)F)c1)C(=O)\C=C\c2ccc(O)c(OC(F)(F)F)c2","6.853871964"
"CHEMBL3667021","CC(C)(C(=O)\C=C\c1ccc(O)c(OC(F)(F)F)c1)C(=O)\C=C\c2ccc(O)c(OC(F)(F)F)c2","4.823908741"
"CHEMBL3672688","CC1=N[C@@]2(N=C1N)c3cc(Br)ccc3C[C@@]24CC[C@H](O)CC4","7.017728767"
"CHEMBL2386719","C[C@@]1(N=C(N)OCC1(F)F)c2nc(NC(=O)c3ccc(cn3)C#N)ccc2F","7.853871964"
"CHEMBL3916194","CO[C@@H]1CC[C@@]2(CC1)Cc3cc(F)c(cc3[C@@]24N=C(C)C(=N4)N)c5cc(F)cc(c5)C#N","8.13076828"
"CHEMBL3672708","COC1CCC2(CC1)Cc3cc(F)c(Br)cc3C24N=C(C)C(=N4)N","6.754487332"
"CHEMBL3087675","C[S+]([O-])c1ccc(\C=C\2/C(=C(CC(=O)NCCCNCCCNC3=CC(=O)C(=CC3=O)NCCCNCCCNC(=O)CC4=C(C)\C(=C/c5ccc(cc5)[S+](C)[O-])\c6ccc(F)cc46)c7cc(F)ccc27)C)cc1","5.087246696"
"CHEMBL3593280","[I-].CCN1\C(=C\C=C\c2sc3ccccc3[n+]2CC)\Sc4ccc(OCc5no[n+]([O-])c5C(=O)N)cc14","4.585026652"
"CHEMBL3739748","C[C@H]1CN2C[C@]34C[C@@]5(C(=O)Nc6c7OC=CC(C)(C)Oc7ccc56)C(C)(C)[C@@H]3C[C@@]2(C1)C(=O)N4C","3.56944123"
"CHEMBL3741111","CC1=C(C)C2=C(C[C@]3(O2)C(=CC[C@@H]4[C@@]5(C)[C@@H](O)CC(=O)OC(C)(C)[C@@H]5CC[C@@]34C)C)C(=O)O1","3.522878745"
"CHEMBL3797646","COc1ccc(CC(=O)OCC(=O)Nc2c3CCCCc3nc4ccccc24)cc1","7.147032309"
"CHEMBL3798989","COc1cc(OC)cc(c1)C(=O)OCC(=O)Nc2c3CCCCc3nc4ccccc24","7.252899069"
"CHEMBL3813971","Cc1ccc(CNc2nc(N)nc3ccccc23)cc1","5.408935393"
"CHEMBL3814134","Nc1nc(NCc2ccccc2)nc3ccccc13","5.657577319"
"CHEMBL4111029","CCOc1cnc(C(=O)Nc2ccc(F)c(n2)[C@@]3(C)N=C(N)OCC3(F)F)c(N)n1","6.075720714"
"CHEMBL3672702","CC[C@@H](C)Oc1ccc2C[C@@]3(CC[C@@H](CC3)OC)C4(N=C(C)C(=N4)N)c2c1","7.795880017"
"CHEMBL1880288","CC1=NN(C(=O)C1)c2ccccc2C","4.301029996"
"CHEMBL3741909","CC1=NN(C(=O)C1)c2ccc(cc2)c3ccccc3","4.709965389"
"CHEMBL3742036","COc1cc(nc(OC)n1)N2N=C(C)CC2=O","4.301029996"
"CHEMBL3741909","CC1=NN(C(=O)C1)c2ccc(cc2)c3ccccc3","5.251811973"
"CHEMBL3741747","CC1=NN(C(=O)C1)c2ccc(cc2)n3c(cc4ccccc34)c5ccccc5","4.707743929"
"CHEMBL3898248","CO[C@@H]1CC[C@@]2(CC1)Cc3ccc(OCCC(F)(F)F)cc3[C@@]24N=C(C)C(=N4)N","9.15490196"
"CHEMBL3891777","CO[C@@H]1CC[C@@]2(CC1)Cc3ccc(cc3[C@@]24N=C(C)C(=N4)N)C#CC5CCC5","8.677780705"
"CHEMBL3672699","CC1=N[C@@]2(N=C1N)c3cc(ccc3C[C@@]24CC[C@H](O)CC4)c5cc(Cl)cc(c5)C#N","6.665546249"
"CHEMBL190083","C[C@@H](C(=O)O)c1ccc(c(F)c1)c2ccccc2","3.552841969"
"CHEMBL3667033","COc1cc(\C=C\C(=O)CC(=O)\C=C\c2ccc(OCC(=O)O)c(OC)c2)ccc1O","6.508638306"
"CHEMBL3667035","COc1cc(\C=C\C(=O)CC(=O)\C=C\c2cncc(c2)C(F)(F)F)ccc1O","7"
"CHEMBL3913223","CO[C@@H]1CC[C@@]2(CC1)Cc3cc(C)c(cc3C24N=C(C)C(=N4)N)c5cncc(c5)C#CC","7.769551079"
"CHEMBL4108635","C[C@@]1(N=C(N)OCC1(F)F)c2nc(NC(=O)c3ncc(OCC(F)(F)F)nc3N)ccc2F","6.22184875"
"CHEMBL3672695","CC1=N[C@]2(N=C1N)c3cc(OCCCF)ccc3C[C@@]24CC[C@@H](CC4)OC(F)F","8.795880017"
"CHEMBL253570","OC1=C(Oc2c(O)c(O)cc(O)c2C1=O)c3ccc(O)c(O)c3","5.522878745"
"CHEMBL3667023","COC(=O)CCCC(C(=O)\C=C\c1ccc(O)c(OC(F)(F)F)c1)C(=O)\C=C\c2ccc(O)c(OC(F)(F)F)c2","6.508638306"
"CHEMBL3961886","CO[C@@H]1CC[C@@]2(CC1)Cc3ccc(OCC4CCC4)cc3C25N=C(C)C(=N5)N","8.823908741"
"CHEMBL3667024","CCOC(=O)CCC(C(=O)\C=C\c1ccc(O)c(OC(F)(F)F)c1)C(=O)\C=C\c2ccc(O)c(OC(F)(F)F)c2","6.420216403"
"CHEMBL3593277","CCN1\C(=C\C=C\c2sc3ccc(OCc4no[n+]([O-])c4C(=O)N)cc3[n+]2CC)\Sc5ccc(OCc6no[n+]([O-])c6C(=O)N)cc15.[O-]S(=O)(=O)C(F)(F)F","4.769551079"
"CHEMBL3594076","COc1cc(ccc1O)c2cc([nH]n2)c3c(O)cccc3O","5.366531544"
"CHEMBL3899321","CO[C@@H]1CC[C@@]2(CC1)Cc3ccc(OCC(C)F)cc3C24N=C(C)C(=N4)N","8.602059991"
"CHEMBL3653726","CC#Cc1cncc(c1)c2ccc3C[C@@]4(CC[C@H](O)CC4)[C@]5(N=C(C)C(=N5)N)c3c2","9"
"CHEMBL4113193","CO[C@@H]1CC[C@@]2(CC1)Cc3cc(F)c(cc3[C@]24N=C(C)C(=N4)N)c5cc(Cl)cc(c5)C#N","6.006123085"
"CHEMBL3814324","COc1cccc(CNc2nc(N)c3ccccc3n2)c1","4.602059991"
"CHEMBL3593279","[I-].CCN1\C(=C\C=C\c2sc3ccccc3[n+]2CC)\Sc4ccc(Oc5no[n+]([O-])c5c6ccccc6)cc14","5.795880017"
"CHEMBL3814270","Nc1nc(NCc2cccc(Br)c2)c3ccccc3n1","6.236572006"
"CHEMBL3814748","Nc1nc(NCc2cccc(F)c2)c3ccccc3n1","5.552841969"
"CHEMBL469159","CC1(C)Oc2ccc(cc2C=C1)C(=O)O","3.522878745"
"CHEMBL3741268","COc1ccc(cc1)c2ccc(cc2)N3N=C(C)CC3=O","5.292429824"
"CHEMBL3741643","CC1=NN(C(=O)C1)c2ccc(cc2)n3cccc3","5.397940009"
"CHEMBL3741300","C[C@H]1CN2C[C@]34C[C@@]5(C(=O)Nc6c7C=CC(C)(C)Oc7ccc56)C(C)(C)[C@@H]3C[C@@]2(C1)C(=O)N4C","3.691008971"
"CHEMBL3742121","C[C@@H]1C[C@@]23C[C@H]4C(C)(C)[C@@]5(C[C@]4(CN2C1=O)N(C)C3=O)C(=O)Nc6c7C=CC(C)(C)Oc7ccc56","3.522878745"
"CHEMBL3740979","CC1=NN(C(=O)C1)c2cc(C)ccc2C","4.301029996"
"CHEMBL3740581","CC1=NN(C(=O)C1)c2cccc(c2)N3CCCC3","4.774690718"
"CHEMBL723","COc1ccccc1OCCNCC(O)COc2cccc3[nH]c4ccccc4c23","4.522878745"
"CHEMBL541265","OC(O[C@H](Cc1ccc(O)c(O)c1)C(=O)O)[C@@H]2[C@H](Oc3cc(O)cc(\C=C\C(=O)O[C@H](Cc4ccc(O)c(O)c4)C(=O)O)c23)c5ccc(O)c(O)c5","5.812479279"
"CHEMBL50","OC1=C(Oc2cc(O)cc(O)c2C1=O)c3ccc(O)c(O)c3","4.815308569"
"CHEMBL3659992","CCS(=O)(=O)CC[C@@H]1CCC[C@@]2([C@H]1COc3c(F)ccc(F)c23)S(=O)(=O)c4ccc(Cl)cc4","8"
"CHEMBL4107875","COCC#Cc1cnc(C(=O)Nc2ccc(F)c(n2)[C@@]3(C)N=C(N)OCC3(F)F)c(Cl)c1","7.091514981"
"CHEMBL2386720","C[C@@]1(N=C(N)OCC1(F)F)c2nc(NC(=O)c3ncc(cc3Cl)C#N)ccc2F","8.096910013"
"CHEMBL4112705","C[C@@]1(N=C(N)OCC1(F)F)c2nc(NC(=O)c3ncc(nc3N)C(F)F)ccc2F","7.22184875"
"CHEMBL2386726","C[C@@]1(N=C(N)OCC1(F)F)c2nc(NC(=O)c3nn(cc3Cl)C(F)F)ccc2F","7.886056648"
"CHEMBL3629745","CP1(=O)OCC[C@]2(CCC[C@@]3([C@H]2COc4c(F)ccc(F)c34)S(=O)(=O)c5ccc(Cl)cc5)CO1","8.26760624"
"CHEMBL3814397","Nc1nc(NCC2CCCCC2)nc3ccccc13","4.602059991"
"CHEMBL3893021","CO[C@@H]1CC[C@@]2(CC1)Cc3ccc(cc3[C@@]24N=C(C)C(=N4)N)C#CC(C)C","8.795880017"
"CHEMBL290916","CC1=NN(C(=O)C1)c2ccccc2","4.301029996"
"CHEMBL3582126","C[C@]1(O)c2ccc3C(=O)CCc3c2C(=O)c4occ([C@@H](O)CCO)c14","4.018181393"
"CHEMBL549959","C[C@@]12[C@H](O)CC(=O)c3coc(C(=O)c4c5CCC(=O)c5ccc14)c23","4.872895202"
"CHEMBL3813837","Nc1nc(NCc2cccc(F)c2)nc3ccccc13","4.946921557"
"CHEMBL3814001","Nc1nc(NCc2ccc(Br)cc2)nc3ccccc13","5.769551079"
"CHEMBL3815150","Nc1nc(NCc2cccc(c2)C(F)(F)F)nc3ccccc13","4.903089987"
"CHEMBL3815002","Nc1nc(NCC2CCCCC2)c3ccccc3n1","4.602059991"
"CHEMBL3814631","Nc1nc(NCc2ccc(Br)cc2)c3ccccc3n1","4.829738285"
"CHEMBL3814660","Nc1nc(NCc2ccc(cc2)C(F)(F)F)c3ccccc3n1","4.602059991"
"CHEMBL3813971","Cc1ccc(CNc2nc(N)nc3ccccc23)cc1","4.602059991"
"CHEMBL3814125","Nc1nc(NCc2cccc(Br)c2)nc3ccccc13","5.568636236"
"CHEMBL3815148","Nc1nc(NCc2ccc(Cl)cc2)nc3ccccc13","5.091514981"
"CHEMBL3692699","Fc1ccc(\C=C\C(=O)Nc2ccc3C[C@@H]4CC[C@H](Cc3c2)[C@@H]4NS(=O)(=O)c5ccc(Cl)s5)cc1","4.075720714"
"CHEMBL4109969","C[C@@]1(N=C(N)OCC1(F)F)c2nc(NC(=O)c3ncc(F)cc3N)ccc2F","7.055517328"
"CHEMBL4108335","C[C@@]1(N=C(N)OCC1(F)F)c2nc(NC(=O)c3ncc(OCCF)nc3N)ccc2F","6.318758763"
"CHEMBL4111699","C[C@@]1(N=C(N)OCC1(F)F)c2nc(NC(=O)c3ncc(OCF)cc3Cl)ccc2F","7.244125144"
"CHEMBL4110497","COCCc1cnc(C(=O)Nc2ccc(F)c(n2)[C@@]3(C)N=C(N)OCC3(F)F)c(N)n1","7.15490196"
"CHEMBL191083","CN(C)c1ccc2N=C3C=CC(=[N+](C)C)C=C3Sc2c1","6.259637311"
"CHEMBL3667020","COC(=O)CCC(C(=O)\C=C\c1ccc(O)c(OC(F)(F)F)c1)C(=O)\C=C\c2ccc(O)c(OC(F)(F)F)c2","6.356547324"
"CHEMBL2436691","COc1cc(OCCCN2CCN(CCCNc3c4CCCCc4nc5ccccc35)CC2)cc6OC=CC(=O)c16","4.899629455"
"CHEMBL3667039","COC(=O)CCC(C(=O)\C=C\c1occc1)C(=O)\C=C\c2ccc(O)c(OC(F)(F)F)c2","6.187086643"
"CHEMBL2381403","COc1ccc2C=C(C(=O)CN3CCN(CC3)c4ccccc4)C(=O)Oc2c1","4.677780705"
"CHEMBL2436698","O=C1C=C(Oc2cc(OCCN3CCN(CCCNc4c5CCCCc5nc6ccccc46)CC3)ccc12)c7ccccc7","5.008773924"
"CHEMBL2381384","COc1ccc2C=C(C(=O)CN3CCN(CC3)c4ncccn4)C(=O)Oc2c1","6"
"CHEMBL284616","O[C@@H]1C[C@](O)(C[C@@H](OC(=O)\C=C\c2ccc(O)c(O)c2)[C@@H]1O)C(=O)O","4.031984286"
"CHEMBL249447","O[C@@H]1[C@@H](C[C@](O)(C[C@H]1OC(=O)\C=C\c2ccc(O)c(O)c2)C(=O)O)OC(=O)\C=C\c3ccc(O)c(O)c3","4.785156152"
"CHEMBL177126","O[C@@H]1C[C@@](O)(C[C@@H](OC(=O)\C=C\c2ccc(O)c(O)c2)[C@H]1OC(=O)\C=C\c3ccc(O)c(O)c3)C(=O)O","7"
"CHEMBL150","OC1=C(Oc2cc(O)cc(O)c2C1=O)c3ccc(O)cc3","4.124360063"
"CHEMBL297453","Oc1cc(O)c2C[C@@H](OC(=O)c3cc(O)c(O)c(O)c3)[C@H](Oc2c1)c4cc(O)c(O)c(O)c4","5.522878745"
"CHEMBL3629741","Fc1ccc(F)c2c1OC[C@H]3C4(CCC[C@@]23S(=O)(=O)c5ccc(Cl)cc5)CCS(=O)(=O)CC4","7.238824187"
"CHEMBL3936795","C[P@@]1(=O)OC[C@]2(CCC[C@@]3([C@H]2COc4c(F)ccc(F)c34)S(=O)(=O)c5ccc(Cl)cc5)CO1","6.375717904"
"CHEMBL3819454","O=C1C(=Cc2ccc(cc2)N3CCN(CC3)C(c4ccccc4)c5ccccc5)C(=O)c6ccccc16","4.929962133"
"CHEMBL3797706","COc1ccc(CC(=O)OCC(=O)Nc2c3CCCCc3nc4ccccc24)cc1OC","7.647046088"
"CHEMBL3814349","Nc1nc(NCc2cccc(c2)C(F)(F)F)c3ccccc3n1","4.677780705"
"CHEMBL3813788","COc1ccc(CNc2nc(N)nc3ccccc23)cc1","4.602059991"
"CHEMBL3815078","Nc1nc(NCc2ccccc2)c3ccccc3n1","4.602059991"
"CHEMBL3814397","Nc1nc(NCC2CCCCC2)nc3ccccc13","4.602059991"
"CHEMBL3814429","COc1cccc(CNc2nc(N)nc3ccccc23)c1","4.68613278"
"CHEMBL3667026","OC(=O)CCC(C(=O)\C=C\c1ccc(O)c(OC(F)(F)F)c1)C(=O)\C=C\c2ccc(O)c(OC(F)(F)F)c2","5.886056648"
"CHEMBL3692700","FC(F)(F)c1ccc(\C=C\C(=O)Nc2ccc3C[C@@H]4CC[C@H](Cc3c2)[C@@H]4NS(=O)(=O)c5ccc(Cl)s5)cc1","3.698970004"
"CHEMBL2059203","COc1cc(\C=C\c2cc(\C=C\c3ccc(O)c(OC)c3)ncn2)ccc1O","5.494850022"
"CHEMBL2059388","Oc1ccc(\C=C\c2cc(O)cc(\C=C\c3ccc(O)cc3)c2)cc1","5.795880017"
"CHEMBL2059391","COc1ccc(\C=C\c2cc(O)cc(\C=C\c3ccc(OC)c(O)c3)c2)cc1O","5.795880017"
"CHEMBL3286985","COc1cc(\C=C\2/Sc3nc(cn3C2=O)c4ccc(Cl)cc4)cc(O)c1O","7.744727495"
"CHEMBL3286986","COc1cc(\C=C\2/Sc3nc(cn3C2=O)c4ccncc4C)ccc1O","5"
"CHEMBL3286987","COc1cc(\C=C\2/Sc3nc(cn3C2=O)c4ccncc4C)cc(OC)c1O","7.494850022"
"CHEMBL3087683","CC(C(=O)NCCCNCCCNC1=CC(=O)c2ccccc2C1=O)c3ccc(c(F)c3)c4ccccc4","5.162411562"
"CHEMBL3286989","COc1cc(\C=C\2/Sc3nc(cn3C2=O)c4cccc(c4)C(F)(F)F)cc(Cl)c1O","6.910094889"
"CHEMBL3629739","Fc1ccc(F)c2c1OC[C@H]3C4(CCC[C@@]23S(=O)(=O)c5ccc(Cl)cc5)COC4","7.995678626"
"CHEMBL3947671","CO[C@@H]1CC[C@@]2(CC1)Cc3cc(F)c(cc3C24N=C(C)C(=N4)N)c5cc(Cl)cc(c5)C#N","8.769551079"
"CHEMBL3943188","CO[C@@H]1CC[C@@]2(CC1)Cc3cc(F)c(cc3C24N=C(C)C(=N4)N)c5cc(F)cc(c5)C#N","8.318758763"
"CHEMBL3672725","CO[C@@H]1CC[C@@]2(CC1)CCc3ccc(cc3C24N=C(C)C(=N4)N)c5cncc(Cl)c5","8.602059991"
"CHEMBL3667029","COCOCCCC(C(=O)\C=C\c1ccc(O)c(OC(F)(F)F)c1)C(=O)\C=C\c2ccc(O)c(OC(F)(F)F)c2","6.301029996"
"CHEMBL3667031","OCCOCCC(C(=O)\C=C\c1ccc(O)c(OC(F)(F)F)c1)C(=O)\C=C\c2ccc(O)c(OC(F)(F)F)c2","6.15490196"
"CHEMBL3667038","CC(C(=O)\C=C\c1ccc(O)c(OC(F)(F)F)c1)C(=O)\C=C\c2ccc(O)c(OC(F)(F)F)c2","6.494850022"
"CHEMBL3797623","Clc1ccc(CC(=O)OCC(=O)Nc2c3CCCCc3nc4ccccc24)cc1","7.110978578"
"CHEMBL3087674","CC(C)Cc1ccc(cc1)C(C)C(=O)NCCCNCCCNC2=CC(=O)C(=CC2=O)NCCCNCCCNC(=O)C(C)c3ccc(CC(C)C)cc3","5.316052869"
"CHEMBL3672721","CO[C@@H]1CC[C@@]2(CC1)CCc3ccc(Br)cc3C24N=C(C)C(=N4)N","7.107905397"
"CHEMBL3891403","CO[C@@H]1CC[C@@]2(CC1)Cc3ccc(OCC4CC(F)(F)C4)cc3C25N=C(C)C(=N5)N","8.075720714"
"CHEMBL465398","O[C@@H]1C[C@@](O)(C[C@@H](O)[C@H]1O)C(=O)O","4"
"CHEMBL3672724","CO[C@@H]1CC[C@]2(CC1)CCc3ccc(cc3C24N=C(C)C(=N4)N)c5cc(OC)cc(c5)C#N","7.096910013"
"CHEMBL2381385","COc1ccc2C=C(C(=O)CN3CCOCC3)C(=O)Oc2c1","5.301029996"
"CHEMBL3798857","Oc1ccc(CC(=O)OCC(=O)Nc2c3CCCCc3nc4ccccc24)cc1","7.343997679"
"CHEMBL3814660","Nc1nc(NCc2ccc(cc2)C(F)(F)F)c3ccccc3n1","5.721246399"
"CHEMBL2408101","COc1ccc(C(=O)\C=C\c2ccc(cc2)C(=O)N3CCOCC3)c(O)c1","5.494850022"
"CHEMBL2381403","COc1ccc2C=C(C(=O)CN3CCN(CC3)c4ccccc4)C(=O)Oc2c1","5.187086643"
"CHEMBL2408098","COc1ccc(C(=O)\C=C\c2ccc(cc2)C(=O)N3CCCC3)c(O)c1","4.835647144"
"CHEMBL3667019","Oc1ccc(\C=C\C(=O)CC(=O)\C=C\c2ccc(O)c(OC(F)(F)F)c2)cc1OC(F)(F)F","6.677780705"
"CHEMBL1090210","Fc1ccc(F)c2c1OC[C@H]3C[C@@H](CC[C@@]23S(=O)(=O)c4ccc(Cl)cc4)NS(=O)(=O)C5CC5","8.096910013"
"CHEMBL3659995","Fc1ccc(F)c2c1OC[C@H]3C[C@H](CC(=O)NCC(F)(F)F)CC[C@@]23S(=O)(=O)c4ccc(cc4)C(F)(F)F","7.602059991"
"CHEMBL247932","COc1cc(\C=C\c2cccc(\C=C\c3ccc(N(C)C)c(OC)c3)c2)ccc1N(C)C","6"
"CHEMBL3672719","CC1=NC2(N=C1N)c3cc(ccc3CCC24CC4)c5cc(F)cc(F)c5","6.928117993"
"CHEMBL3672727","CO[C@@H]1CC[C@]2(CC1)CCc3ccc(cc3C24N=C(C)C(=N4)N)c5cncc(c5)C#CC","7.091514981"
"CHEMBL3902027","COCC[C@]1(N=C(N)OCC1(F)F)c2nc(NC(=O)c3ncc(cc3C)C#N)ccc2F","5"
"CHEMBL149082","NCCCS(=O)(=O)O","4"
"CHEMBL140","COc1cc(\C=C\C(=O)CC(=O)\C=C\c2ccc(O)c(OC)c2)ccc1O","6.149966742"
"CHEMBL3942223","C[P@@]1(=O)OC[C@@]2(CCC[C@@]3([C@H]2COc4c(F)ccc(F)c34)S(=O)(=O)c5ccc(cc5)C(F)(F)F)CO1","7.102372909"
"CHEMBL2386874","CN(C)c1cccc(Oc2cnc(Nc3cccc(O)c3)nc2)c1","4"
"CHEMBL2386881","CCCCCC(=O)O[C@H]1CC[C@]2(C)[C@H]3CC[C@@]4(C)[C@@H](C[C@@H]5O[C@]6(CC[C@@H](C)CO6)[C@@H](C)[C@H]45)[C@H]3CC=C2C1","4"
"CHEMBL309490","OC1=C(Oc2cc(O)cc(O)c2C1=O)c3ccccc3","3.301029996"
"CHEMBL196945","OC(=O)C1(CC1)c2ccc(c(F)c2)c3ccc(Cl)c(Cl)c3","4.853871964"
"CHEMBL2386723","C[C@@]1(N=C(N)OCC1(F)F)c2nc(NC(=O)c3ncc(cc3Cl)C(F)(F)F)ccc2F","7.568636236"
"CHEMBL2386725","C[C@@]1(N=C(N)OCC1(F)F)c2nc(NC(=O)c3ncc(OCC(F)F)nc3N)ccc2F","6.356547324"
"CHEMBL4107314","C[C@@]1(N=C(N)OCC1(F)F)c2nc(NC(=O)c3ncc(cc3N)C#CCO)ccc2F","7.207608311"
"CHEMBL4106556","C[C@@]1(N=C(N)OCC1(F)F)c2nc(NC(=O)c3ncccc3Cl)ccc2F","7.055517328"
"CHEMBL4114553","C[C@@]1(N=C(N)OCC1(F)F)c2nc(NC(=O)c3ncc(OCCCl)nc3N)ccc2F","5.537602002"
"CHEMBL3672730","COC1CCC2(CC1)CCc3ccc(cc3C24N=C(C)C(=N4)N)c5cc(Cl)cc(c5)C#N","8.508638306"
"CHEMBL4111103","CC(F)(F)c1cnc(C(=O)Nc2ccc(F)c(n2)[C@@]3(C)N=C(N)OCC3(F)F)c(N)n1","6.508638306"
"CHEMBL4110172","C[C@@]1(N=C(N)OCC1(F)F)c2nc(NC(=O)c3ncc(OCF)nc3N)ccc2F","7.522878745"
"CHEMBL4113786","C[C@@]1(N=C(N)OCC1(F)F)c2nc(NC(=O)c3ncc(cc3Cl)C#CCO)ccc2F","7.721246399"
"CHEMBL4111183","CC(F)(F)c1cnc(C(=O)Nc2ccc(F)c(n2)[C@@]3(C)N=C(N)OCC3(F)F)c(Cl)c1","7.236572006"
"CHEMBL164","OC1=C(Oc2cc(O)cc(O)c2C1=O)c3cc(O)c(O)c(O)c3","4.821023053"
"CHEMBL3927449","CO[C@@H]1CC[C@@]2(CC1)Cc3ccc(OCC4CCC4)cc3[C@@]25N=C(C)C(=N5)N","8.886056648"
"CHEMBL3939963","CO[C@@H]1CC[C@@]2(CC1)Cc3ccc(OCCC4CC4)cc3C25N=C(C)C(=N5)N","9.096910013"
"CHEMBL297453","Oc1cc(O)c2C[C@@H](OC(=O)c3cc(O)c(O)c(O)c3)[C@H](Oc2c1)c4cc(O)c(O)c(O)c4","6.301029996"
"CHEMBL396543","Clc1ccc(cc1)S(=O)(=O)N2[C@@H](COC(=O)N3CCC(CC3)N4CCCCC4)CCC[C@H]2c5ccccc5","7.795880017"
"CHEMBL563","CC(C(=O)O)c1ccc(c(F)c1)c2ccccc2","3.515700161"
"CHEMBL145","OC(=O)\C=C\c1ccc(O)c(O)c1","4.484126156"
"CHEMBL165","Oc1ccc(\C=C\c2cc(O)cc(O)c2)cc1","4.820735536"
"CHEMBL81782","[I-].CCN1\C(=C\C=C\c2sc3ccccc3[n+]2CC)\Sc4ccccc14","5.48148606"
"CHEMBL297453","Oc1cc(O)c2C[C@@H](OC(=O)c3cc(O)c(O)c(O)c3)[C@H](Oc2c1)c4cc(O)c(O)c(O)c4","4"
"CHEMBL81880","CN(C)c1ccc2cc3ccc(cc3nc2c1)N(C)C","6.22184875"
"CHEMBL3672718","CC1=NC2(N=C1N)c3cc(ccc3CCC24CC4)c5cc(F)cc(c5)C#N","7.638272164"
"CHEMBL3692698","Fc1ccc(OCCC(=O)Nc2ccc3C[C@@H]4CC[C@H](Cc3c2)[C@@H]4NS(=O)(=O)c5ccc(Cl)s5)cc1","4.698970004"
"CHEMBL3692701","CN1C(=O)[C@@H](NCC(=O)Nc2ccc3C[C@@H]4CC[C@H](Cc3c2)[C@@H]4NS(=O)(=O)c5ccc(Cl)s5)N=C(c6ccccc6)c7ccccc17","3.096910013"
"CHEMBL165","Oc1ccc(\C=C\c2cc(O)cc(O)c2)cc1","5.387216143"
"CHEMBL129795","Oc1ccc(\C=C\C(=O)c2ccc(O)cc2O)cc1","4.705533774"
"CHEMBL95","Nc1c2CCCCc2nc3ccccc13","7.913284336"
"CHEMBL164","OC1=C(Oc2cc(O)cc(O)c2C1=O)c3cc(O)c(O)c(O)c3","5.522878745"
